date,variant_name,trades,net_pnl,win_rate,profit_factor,avg_pnl,max_drawdown,target_hit_rate,one_sec_kill_count,three_sec_kill_count,stop_count,timeout_count,avg_mfe,avg_mae,avg_hold_seconds,avg_entry_premium
2026-04-27,ATM_ACCEL_0S_H10_CD30,2,-575.0000000000455,0.0,0.0,-287.50000000002274,-100.00000000002274,0.0,2,0,0,0,0.0,-0.5750000000000455,1.0,635.55
2026-04-29,ATM_ACCEL_0S_H10_CD30,2,-1925.0000000000114,0.5,0.2999999999999959,-962.5000000000057,-2750.0,0.0,0,1,1,0,1.0749999999999886,-2.75,3.0,286.25
2026-04-30,ATM_ACCEL_0S_H10_CD30,28,5100.00000000001,0.35714285714285715,1.4951456310679618,182.1428571428575,-4125.000000000003,0.25,17,3,1,0,1.235714285714287,-0.7357142857142863,2.0,78.30178571428573
2026-04-27,ATM_ACCEL_0S_H10_CD30__ACTIVE_WINDOW,1,-475.00000000002274,0.0,0.0,-475.00000000002274,0.0,0.0,1,0,0,0,0.0,-0.9500000000000455,1.0,637.6
2026-04-29,ATM_ACCEL_0S_H10_CD30__ACTIVE_WINDOW,2,-1925.0000000000114,0.5,0.2999999999999959,-962.5000000000057,-2750.0,0.0,0,1,1,0,1.0749999999999886,-2.75,3.0,286.25
2026-04-30,ATM_ACCEL_0S_H10_CD30__ACTIVE_WINDOW,23,4525.000000000017,0.34782608695652173,1.5171428571428585,196.73913043478336,-4125.000000000003,0.2608695652173913,14,2,1,0,1.3195652173913066,-0.7608695652173921,2.0869565217391304,67.72826086956522
2026-04-27,ATM_ACCEL_0S_H10_CD30__AVOID_OPEN,2,-575.0000000000455,0.0,0.0,-287.50000000002274,-100.00000000002274,0.0,2,0,0,0,0.0,-0.5750000000000455,1.0,635.55
2026-04-29,ATM_ACCEL_0S_H10_CD30__AVOID_OPEN,2,-1925.0000000000114,0.5,0.2999999999999959,-962.5000000000057,-2750.0,0.0,0,1,1,0,1.0749999999999886,-2.75,3.0,286.25
2026-04-30,ATM_ACCEL_0S_H10_CD30__AVOID_OPEN,27,3275.0000000000227,0.3333333333333333,1.3179611650485457,121.29629629629714,-4125.000000000002,0.2222222222222222,17,3,1,0,1.1462962962962986,-0.7629629629629635,2.0,73.23703703703703
2026-04-27,ATM_ACCEL_0S_H10_CD30__CHOPPY_ACTIVE,1,-100.00000000002274,0.0,0.0,-100.00000000002274,0.0,0.0,1,0,0,0,0.0,-0.20000000000004547,1.0,633.5
2026-04-29,ATM_ACCEL_0S_H10_CD30__CHOPPY_ACTIVE,2,-1925.0000000000114,0.5,0.2999999999999959,-962.5000000000057,-2750.0,0.0,0,1,1,0,1.0749999999999886,-2.75,3.0,286.25
2026-04-30,ATM_ACCEL_0S_H10_CD30__CHOPPY_ACTIVE,7,375.00000000000136,0.2857142857142857,1.1071428571428574,53.57142857142877,-1499.9999999999998,0.14285714285714285,4,1,1,0,1.5428571428571445,-1.0000000000000016,2.857142857142857,81.93571428571428
2026-04-27,ATM_ACCEL_0S_H10_CD30__HIGH_VOL_ONLY,2,-575.0000000000455,0.0,0.0,-287.50000000002274,-100.00000000002274,0.0,2,0,0,0,0.0,-0.5750000000000455,1.0,635.55
2026-04-29,ATM_ACCEL_0S_H10_CD30__HIGH_VOL_ONLY,2,-1925.0000000000114,0.5,0.2999999999999959,-962.5000000000057,-2750.0,0.0,0,1,1,0,1.0749999999999886,-2.75,3.0,286.25
2026-04-30,ATM_ACCEL_0S_H10_CD30__HIGH_VOL_ONLY,28,5100.00000000001,0.35714285714285715,1.4951456310679618,182.1428571428575,-4125.000000000003,0.25,17,3,1,0,1.235714285714287,-0.7357142857142863,2.0,78.30178571428573
2026-04-27,ATM_ACCEL_0S_H10_CD30__IMPULSE_DENSITY_ACTIVE,1,-100.00000000002274,0.0,0.0,-100.00000000002274,0.0,0.0,1,0,0,0,0.0,-0.20000000000004547,1.0,633.5
2026-04-29,ATM_ACCEL_0S_H10_CD30__IMPULSE_DENSITY_ACTIVE,2,-1925.0000000000114,0.5,0.2999999999999959,-962.5000000000057,-2750.0,0.0,0,1,1,0,1.0749999999999886,-2.75,3.0,286.25
2026-04-30,ATM_ACCEL_0S_H10_CD30__IMPULSE_DENSITY_ACTIVE,28,5100.00000000001,0.35714285714285715,1.4951456310679618,182.1428571428575,-4125.000000000003,0.25,17,3,1,0,1.235714285714287,-0.7357142857142863,2.0,78.30178571428573
2026-04-29,ATM_ACCEL_0S_H10_CD30__MIDDAY_ONLY,1,-2750.0,0.0,0.0,-2750.0,0.0,0.0,0,0,1,0,0.5,-5.5,3.0,286.45
2026-04-30,ATM_ACCEL_0S_H10_CD30__MIDDAY_ONLY,11,3250.0000000000146,0.36363636363636365,1.6878306878306908,295.4545454545468,-2625.0,0.2727272727272727,7,1,0,0,1.5000000000000027,-0.8590909090909093,1.8181818181818181,77.41363636363636
2026-04-27,ATM_ACCEL_0S_H10_CD30__NO_MORNING_WEAK,2,-575.0000000000455,0.0,0.0,-287.50000000002274,-100.00000000002274,0.0,2,0,0,0,0.0,-0.5750000000000455,1.0,635.55
2026-04-29,ATM_ACCEL_0S_H10_CD30__NO_MORNING_WEAK,2,-1925.0000000000114,0.5,0.2999999999999959,-962.5000000000057,-2750.0,0.0,0,1,1,0,1.0749999999999886,-2.75,3.0,286.25
2026-04-30,ATM_ACCEL_0S_H10_CD30__NO_MORNING_WEAK,25,4400.000000000023,0.36,1.4795640326975494,176.0000000000009,-4125.000000000003,0.24,15,3,1,0,1.2380000000000024,-0.7340000000000007,2.08,66.056
2026-04-30,ATM_ACCEL_0S_H10_CD30__TRENDING_ACTIVE,21,4725.00000000001,0.38095238095238093,1.6948529411764715,225.00000000000048,-4125.000000000003,0.2857142857142857,13,2,0,0,1.1333333333333346,-0.6476190476190479,1.7142857142857142,77.09047619047618
2026-04-27,ATM_U1S10_0S_H10_CD30,1,-100.00000000002274,0.0,0.0,-100.00000000002274,0.0,0.0,1,0,0,0,0.0,-0.20000000000004547,1.0,633.5
2026-04-28,ATM_U1S10_0S_H10_CD30,1,1824.9999999999886,1.0,inf,1824.9999999999886,0.0,1.0,0,0,0,0,3.6499999999999773,0.0,2.0,397.35
2026-04-29,ATM_U1S10_0S_H10_CD30,4,625.0,0.5,1.625,156.25,-1000.0,0.0,2,2,0,0,0.8125,-0.5,2.0,294.725
2026-04-30,ATM_U1S10_0S_H10_CD30,41,17675.000000000033,0.4146341463414634,2.2360139860139894,431.0975609756106,-3825.0000000000027,0.2682926829268293,22,6,2,0,1.7743902439024404,-0.6975609756097556,2.268292682926829,88.65975609756099
2026-04-28,ATM_U1S10_0S_H10_CD30__ACTIVE_WINDOW,1,1824.9999999999886,1.0,inf,1824.9999999999886,0.0,1.0,0,0,0,0,3.6499999999999773,0.0,2.0,397.35
2026-04-29,ATM_U1S10_0S_H10_CD30__ACTIVE_WINDOW,3,-175.00000000001137,0.3333333333333333,0.8249999999999886,-58.33333333333712,-1000.0,0.0,2,1,0,0,0.5499999999999924,-0.6666666666666666,1.6666666666666667,309.23333333333335
2026-04-30,ATM_U1S10_0S_H10_CD30__ACTIVE_WINDOW,33,18875.000000000022,0.45454545454545453,2.506986027944114,571.9696969696977,-3825.0000000000027,0.3333333333333333,16,4,2,0,2.1181818181818195,-0.759090909090909,2.393939393939394,83.29545454545455
2026-04-27,ATM_U1S10_0S_H10_CD30__AVOID_OPEN,1,-100.00000000002274,0.0,0.0,-100.00000000002274,0.0,0.0,1,0,0,0,0.0,-0.20000000000004547,1.0,633.5
2026-04-28,ATM_U1S10_0S_H10_CD30__AVOID_OPEN,1,1824.9999999999886,1.0,inf,1824.9999999999886,0.0,1.0,0,0,0,0,3.6499999999999773,0.0,2.0,397.35
2026-04-29,ATM_U1S10_0S_H10_CD30__AVOID_OPEN,4,625.0,0.5,1.625,156.25,-1000.0,0.0,2,2,0,0,0.8125,-0.5,2.0,294.725
2026-04-30,ATM_U1S10_0S_H10_CD30__AVOID_OPEN,40,18200.000000000036,0.425,2.321234119782219,455.0000000000009,-3825.0000000000027,0.275,21,6,2,0,1.8187500000000014,-0.6887499999999992,2.3,85.80999999999999
2026-04-27,ATM_U1S10_0S_H10_CD30__CHOPPY_ACTIVE,1,-100.00000000002274,0.0,0.0,-100.00000000002274,0.0,0.0,1,0,0,0,0.0,-0.20000000000004547,1.0,633.5
2026-04-29,ATM_U1S10_0S_H10_CD30__CHOPPY_ACTIVE,3,1000.0,0.6666666666666666,2.6,333.3333333333333,-625.0,0.0,1,2,0,0,1.0833333333333333,-0.4166666666666667,2.3333333333333335,283.34999999999997
2026-04-30,ATM_U1S10_0S_H10_CD30__CHOPPY_ACTIVE,17,1675.0000000000168,0.35294117647058826,1.2271186440677992,98.52941176470688,-2074.999999999996,0.17647058823529413,10,3,1,0,1.3352941176470603,-0.8676470588235283,2.4705882352941178,109.53529411764707
2026-04-27,ATM_U1S10_0S_H10_CD30__HIGH_VOL_ONLY,1,-100.00000000002274,0.0,0.0,-100.00000000002274,0.0,0.0,1,0,0,0,0.0,-0.20000000000004547,1.0,633.5
2026-04-28,ATM_U1S10_0S_H10_CD30__HIGH_VOL_ONLY,1,1824.9999999999886,1.0,inf,1824.9999999999886,0.0,1.0,0,0,0,0,3.6499999999999773,0.0,2.0,397.35
2026-04-29,ATM_U1S10_0S_H10_CD30__HIGH_VOL_ONLY,4,625.0,0.5,1.625,156.25,-1000.0,0.0,2,2,0,0,0.8125,-0.5,2.0,294.725
2026-04-30,ATM_U1S10_0S_H10_CD30__HIGH_VOL_ONLY,39,14400.000000000024,0.38461538461538464,2.0069930069930098,369.23076923076985,-3875.000000000007,0.2564102564102564,22,5,2,0,1.6974358974358985,-0.7333333333333328,2.2564102564102564,88.97948717948718
2026-04-27,ATM_U1S10_0S_H10_CD30__IMPULSE_DENSITY_ACTIVE,1,-100.00000000002274,0.0,0.0,-100.00000000002274,0.0,0.0,1,0,0,0,0.0,-0.20000000000004547,1.0,633.5
2026-04-28,ATM_U1S10_0S_H10_CD30__IMPULSE_DENSITY_ACTIVE,1,1824.9999999999886,1.0,inf,1824.9999999999886,0.0,1.0,0,0,0,0,3.6499999999999773,0.0,2.0,397.35
2026-04-29,ATM_U1S10_0S_H10_CD30__IMPULSE_DENSITY_ACTIVE,4,625.0,0.5,1.625,156.25,-1000.0,0.0,2,2,0,0,0.8125,-0.5,2.0,294.725
2026-04-30,ATM_U1S10_0S_H10_CD30__IMPULSE_DENSITY_ACTIVE,41,17675.000000000033,0.4146341463414634,2.2360139860139894,431.0975609756106,-3825.0000000000027,0.2682926829268293,22,6,2,0,1.7743902439024404,-0.6975609756097556,2.268292682926829,88.65975609756099
2026-04-28,ATM_U1S10_0S_H10_CD30__MIDDAY_ONLY,1,1824.9999999999886,1.0,inf,1824.9999999999886,0.0,1.0,0,0,0,0,3.6499999999999773,0.0,2.0,397.35
2026-04-29,ATM_U1S10_0S_H10_CD30__MIDDAY_ONLY,1,-375.0,0.0,0.0,-375.0,0.0,0.0,1,0,0,0,0.0,-0.75,1.0,328.85
2026-04-30,ATM_U1S10_0S_H10_CD30__MIDDAY_ONLY,16,6250.000000000007,0.375,1.925925925925928,390.62500000000045,-2850.000000000002,0.3125,10,1,0,0,1.7562500000000005,-0.8437499999999991,1.8125,95.42500000000001
2026-04-27,ATM_U1S10_0S_H10_CD30__NO_MORNING_WEAK,1,-100.00000000002274,0.0,0.0,-100.00000000002274,0.0,0.0,1,0,0,0,0.0,-0.20000000000004547,1.0,633.5
2026-04-28,ATM_U1S10_0S_H10_CD30__NO_MORNING_WEAK,1,1824.9999999999886,1.0,inf,1824.9999999999886,0.0,1.0,0,0,0,0,3.6499999999999773,0.0,2.0,397.35
2026-04-29,ATM_U1S10_0S_H10_CD30__NO_MORNING_WEAK,4,625.0,0.5,1.625,156.25,-1000.0,0.0,2,2,0,0,0.8125,-0.5,2.0,294.725
2026-04-30,ATM_U1S10_0S_H10_CD30__NO_MORNING_WEAK,38,18900.000000000025,0.4473684210526316,2.445506692160615,497.36842105263224,-3825.0000000000027,0.2894736842105263,19,6,2,0,1.897368421052633,-0.688157894736842,2.3421052631578947,80.03815789473684
2026-04-28,ATM_U1S10_0S_H10_CD30__TRENDING_ACTIVE,1,1824.9999999999886,1.0,inf,1824.9999999999886,0.0,1.0,0,0,0,0,3.6499999999999773,0.0,2.0,397.35
2026-04-29,ATM_U1S10_0S_H10_CD30__TRENDING_ACTIVE,1,-375.0,0.0,0.0,-375.0,0.0,0.0,1,0,0,0,0.0,-0.75,1.0,328.85
2026-04-30,ATM_U1S10_0S_H10_CD30__TRENDING_ACTIVE,24,16000.000000000015,0.4583333333333333,3.310469314079425,666.6666666666673,-2225.000000000002,0.3333333333333333,12,3,1,0,2.0854166666666685,-0.5770833333333333,2.125,73.87291666666665
2026-04-27,ATM_U1S10_0S_H10_CD60,1,-100.00000000002274,0.0,0.0,-100.00000000002274,0.0,0.0,1,0,0,0,0.0,-0.20000000000004547,1.0,633.5
2026-04-28,ATM_U1S10_0S_H10_CD60,1,1824.9999999999886,1.0,inf,1824.9999999999886,0.0,1.0,0,0,0,0,3.6499999999999773,0.0,2.0,397.35
2026-04-29,ATM_U1S10_0S_H10_CD60,4,625.0,0.5,1.625,156.25,-1000.0,0.0,2,2,0,0,0.8125,-0.5,2.0,294.725
2026-04-30,ATM_U1S10_0S_H10_CD60,33,12575.000000000024,0.42424242424242425,2.0523012552301285,381.0606060606068,-3825.0000000000027,0.30303030303030304,17,4,2,0,1.7484848484848499,-0.7242424242424237,2.515151515151515,95.66969696969697
2026-04-27,ATM_U1S10_0S_H5_CD30,1,-100.00000000002274,0.0,0.0,-100.00000000002274,0.0,0.0,1,0,0,0,0.0,-0.20000000000004547,1.0,633.5
2026-04-28,ATM_U1S10_0S_H5_CD30,1,1824.9999999999886,1.0,inf,1824.9999999999886,0.0,1.0,0,0,0,0,3.6499999999999773,0.0,2.0,397.35
2026-04-29,ATM_U1S10_0S_H5_CD30,4,625.0,0.5,1.625,156.25,-1000.0,0.0,2,2,0,0,0.8125,-0.5,2.0,294.725
2026-04-30,ATM_U1S10_0S_H5_CD30,41,22025.000000000025,0.43902439024390244,3.082742316784874,537.1951219512201,-2850.000000000002,0.2682926829268293,22,6,0,2,1.7743902439024404,-0.5292682926829269,2.1219512195121952,88.65975609756099
2026-04-28,ATM_U1S10_0S_H5_CD30__ACTIVE_WINDOW,1,1824.9999999999886,1.0,inf,1824.9999999999886,0.0,1.0,0,0,0,0,3.6499999999999773,0.0,2.0,397.35
2026-04-29,ATM_U1S10_0S_H5_CD30__ACTIVE_WINDOW,3,-175.00000000001137,0.3333333333333333,0.8249999999999886,-58.33333333333712,-1000.0,0.0,2,1,0,0,0.5499999999999924,-0.6666666666666666,1.6666666666666667,309.23333333333335
2026-04-30,ATM_U1S10_0S_H5_CD30__ACTIVE_WINDOW,33,23225.000000000015,0.48484848484848486,3.6392045454545463,703.7878787878792,-2850.000000000002,0.3333333333333333,16,4,0,2,2.1181818181818195,-0.5500000000000006,2.212121212121212,83.29545454545455
2026-04-27,ATM_U1S10_0S_H5_CD30__AVOID_OPEN,1,-100.00000000002274,0.0,0.0,-100.00000000002274,0.0,0.0,1,0,0,0,0.0,-0.20000000000004547,1.0,633.5
2026-04-28,ATM_U1S10_0S_H5_CD30__AVOID_OPEN,1,1824.9999999999886,1.0,inf,1824.9999999999886,0.0,1.0,0,0,0,0,3.6499999999999773,0.0,2.0,397.35
2026-04-29,ATM_U1S10_0S_H5_CD30__AVOID_OPEN,4,625.0,0.5,1.625,156.25,-1000.0,0.0,2,2,0,0,0.8125,-0.5,2.0,294.725
2026-04-30,ATM_U1S10_0S_H5_CD30__AVOID_OPEN,40,22550.00000000003,0.45,3.243781094527369,563.7500000000007,-2850.000000000002,0.275,21,6,0,2,1.8187500000000014,-0.5162499999999998,2.15,85.80999999999999
2026-04-27,ATM_U1S10_0S_H5_CD30__CHOPPY_ACTIVE,1,-100.00000000002274,0.0,0.0,-100.00000000002274,0.0,0.0,1,0,0,0,0.0,-0.20000000000004547,1.0,633.5
2026-04-29,ATM_U1S10_0S_H5_CD30__CHOPPY_ACTIVE,3,1000.0,0.6666666666666666,2.6,333.3333333333333,-625.0,0.0,1,2,0,0,1.0833333333333333,-0.4166666666666667,2.3333333333333335,283.34999999999997
2026-04-30,ATM_U1S10_0S_H5_CD30__CHOPPY_ACTIVE,17,3225.000000000014,0.35294117647058826,1.5536480686695309,189.705882352942,-2074.999999999996,0.17647058823529413,10,3,0,1,1.3352941176470603,-0.6852941176470582,2.235294117647059,109.53529411764707
2026-04-27,ATM_U1S10_0S_H5_CD30__HIGH_VOL_ONLY,1,-100.00000000002274,0.0,0.0,-100.00000000002274,0.0,0.0,1,0,0,0,0.0,-0.20000000000004547,1.0,633.5
2026-04-28,ATM_U1S10_0S_H5_CD30__HIGH_VOL_ONLY,1,1824.9999999999886,1.0,inf,1824.9999999999886,0.0,1.0,0,0,0,0,3.6499999999999773,0.0,2.0,397.35
2026-04-29,ATM_U1S10_0S_H5_CD30__HIGH_VOL_ONLY,4,625.0,0.5,1.625,156.25,-1000.0,0.0,2,2,0,0,0.8125,-0.5,2.0,294.725
2026-04-30,ATM_U1S10_0S_H5_CD30__HIGH_VOL_ONLY,39,18750.00000000002,0.41025641025641024,2.7730496453900737,480.7692307692312,-2850.000000000002,0.2564102564102564,22,5,0,2,1.6974358974358985,-0.5564102564102564,2.1025641025641026,88.97948717948718
2026-04-27,ATM_U1S10_0S_H5_CD30__IMPULSE_DENSITY_ACTIVE,1,-100.00000000002274,0.0,0.0,-100.00000000002274,0.0,0.0,1,0,0,0,0.0,-0.20000000000004547,1.0,633.5
2026-04-28,ATM_U1S10_0S_H5_CD30__IMPULSE_DENSITY_ACTIVE,1,1824.9999999999886,1.0,inf,1824.9999999999886,0.0,1.0,0,0,0,0,3.6499999999999773,0.0,2.0,397.35
2026-04-29,ATM_U1S10_0S_H5_CD30__IMPULSE_DENSITY_ACTIVE,4,625.0,0.5,1.625,156.25,-1000.0,0.0,2,2,0,0,0.8125,-0.5,2.0,294.725
2026-04-30,ATM_U1S10_0S_H5_CD30__IMPULSE_DENSITY_ACTIVE,41,22025.000000000025,0.43902439024390244,3.082742316784874,537.1951219512201,-2850.000000000002,0.2682926829268293,22,6,0,2,1.7743902439024404,-0.5292682926829269,2.1219512195121952,88.65975609756099
2026-04-28,ATM_U1S10_0S_H5_CD30__MIDDAY_ONLY,1,1824.9999999999886,1.0,inf,1824.9999999999886,0.0,1.0,0,0,0,0,3.6499999999999773,0.0,2.0,397.35
2026-04-29,ATM_U1S10_0S_H5_CD30__MIDDAY_ONLY,1,-375.0,0.0,0.0,-375.0,0.0,0.0,1,0,0,0,0.0,-0.75,1.0,328.85
2026-04-30,ATM_U1S10_0S_H5_CD30__MIDDAY_ONLY,16,6250.000000000007,0.375,1.925925925925928,390.62500000000045,-2850.000000000002,0.3125,10,1,0,0,1.7562500000000005,-0.8437499999999991,1.8125,95.42500000000001
2026-04-27,ATM_U1S10_0S_H5_CD30__NO_MORNING_WEAK,1,-100.00000000002274,0.0,0.0,-100.00000000002274,0.0,0.0,1,0,0,0,0.0,-0.20000000000004547,1.0,633.5
2026-04-28,ATM_U1S10_0S_H5_CD30__NO_MORNING_WEAK,1,1824.9999999999886,1.0,inf,1824.9999999999886,0.0,1.0,0,0,0,0,3.6499999999999773,0.0,2.0,397.35
2026-04-29,ATM_U1S10_0S_H5_CD30__NO_MORNING_WEAK,4,625.0,0.5,1.625,156.25,-1000.0,0.0,2,2,0,0,0.8125,-0.5,2.0,294.725
2026-04-30,ATM_U1S10_0S_H5_CD30__NO_MORNING_WEAK,38,23250.00000000002,0.47368421052631576,3.4866310160427827,611.8421052631584,-2850.000000000002,0.2894736842105263,19,6,0,2,1.897368421052633,-0.5065789473684216,2.1842105263157894,80.03815789473684
2026-04-28,ATM_U1S10_0S_H5_CD30__TRENDING_ACTIVE,1,1824.9999999999886,1.0,inf,1824.9999999999886,0.0,1.0,0,0,0,0,3.6499999999999773,0.0,2.0,397.35
2026-04-29,ATM_U1S10_0S_H5_CD30__TRENDING_ACTIVE,1,-375.0,0.0,0.0,-375.0,0.0,0.0,1,0,0,0,0.0,-0.75,1.0,328.85
2026-04-30,ATM_U1S10_0S_H5_CD30__TRENDING_ACTIVE,24,18800.00000000001,0.5,4.957894736842107,783.3333333333338,-1550.000000000004,0.3333333333333333,12,3,0,1,2.0854166666666685,-0.4187500000000006,2.0416666666666665,73.87291666666665
2026-04-27,ATM_U1S10_0S_H5_CD60,1,-100.00000000002274,0.0,0.0,-100.00000000002274,0.0,0.0,1,0,0,0,0.0,-0.20000000000004547,1.0,633.5
2026-04-28,ATM_U1S10_0S_H5_CD60,1,1824.9999999999886,1.0,inf,1824.9999999999886,0.0,1.0,0,0,0,0,3.6499999999999773,0.0,2.0,397.35
2026-04-29,ATM_U1S10_0S_H5_CD60,4,625.0,0.5,1.625,156.25,-1000.0,0.0,2,2,0,0,0.8125,-0.5,2.0,294.725
2026-04-30,ATM_U1S10_0S_H5_CD60,33,16925.000000000015,0.45454545454545453,3.0577507598784224,512.8787878787883,-1899.9999999999982,0.30303030303030304,17,4,0,2,1.7484848484848499,-0.5151515151515152,2.3333333333333335,95.66969696969697
2026-04-27,ATM_U1S10_1S_H10_CD30,1,2075.0000000000455,1.0,inf,2075.0000000000455,0.0,1.0,0,0,0,0,4.150000000000091,0.0,1.0,590.05
2026-04-28,ATM_U1S10_1S_H10_CD30,2,-275.0000000000057,0.0,0.0,-137.50000000000284,-275.0000000000057,0.0,2,0,0,0,0.0,-0.2750000000000057,1.0,368.65
2026-04-29,ATM_U1S10_1S_H10_CD30,5,-2924.9999999999545,0.2,0.24025974025974534,-584.9999999999909,-3424.9999999999827,0.0,3,1,1,0,0.4700000000000045,-1.5399999999999863,1.8,322.35
2026-04-30,ATM_U1S10_1S_H10_CD30,30,4450.0000000000455,0.3,1.493074792243774,148.33333333333485,-3724.9999999999945,0.2,18,4,1,1,1.0783333333333336,-0.6116666666666648,1.8666666666666667,75.06333333333333
2026-04-28,ATM_U1S10_1S_NOT_EXHAUSTED_H10_CD30,1,0.0,0.0,,0.0,0.0,0.0,1,0,0,0,0.0,0.0,1.0,365.95
2026-04-29,ATM_U1S10_1S_NOT_EXHAUSTED_H10_CD30,4,-2499.9999999999714,0.25,0.2700729927007346,-624.9999999999928,-3074.999999999988,0.0,2,1,1,0,0.5875000000000057,-1.7124999999999915,2.0,307.9625
2026-04-30,ATM_U1S10_1S_NOT_EXHAUSTED_H10_CD30,29,2175.0000000000477,0.27586206896551724,1.2409972299169034,75.00000000000165,-4749.999999999972,0.1724137931034483,18,4,1,1,0.9586206896551728,-0.6327586206896533,1.896551724137931,74.13275862068966
2026-04-27,ATM_U2S20_0S_H10_CD30,2,1975.0000000000227,0.5,20.749999999995737,987.5000000000114,-100.00000000002274,0.5,1,0,0,0,2.0750000000000455,-0.10000000000002274,1.0,611.775
2026-04-28,ATM_U2S20_0S_H10_CD30,1,-275.0000000000057,0.0,0.0,-275.0000000000057,0.0,0.0,1,0,0,0,0.0,-0.5500000000000114,1.0,371.35
2026-04-29,ATM_U2S20_0S_H10_CD30,2,400.0000000000057,0.5,1.9411764705882864,200.00000000000284,-424.99999999998295,0.0,1,1,0,0,0.8249999999999886,-0.42499999999998295,2.0,332.975
2026-04-30,ATM_U2S20_0S_H10_CD30,17,6300.000000000023,0.4117647058823529,2.1351351351351395,370.588235294119,-1650.0000000000057,0.29411764705882354,9,2,1,0,1.5705882352941198,-0.6529411764705879,1.9411764705882353,90.03823529411764
2026-04-29,ATM_U2S20_0S_H10_CD30__ACTIVE_WINDOW,2,400.0000000000057,0.5,1.9411764705882864,200.00000000000284,-424.99999999998295,0.0,1,1,0,0,0.8249999999999886,-0.42499999999998295,2.0,332.975
2026-04-30,ATM_U2S20_0S_H10_CD30__ACTIVE_WINDOW,15,7200.000000000015,0.4666666666666667,2.5483870967741944,480.00000000000097,-1650.0000000000057,0.3333333333333333,7,2,1,0,1.7800000000000025,-0.6200000000000008,2.066666666666667,86.31666666666665
2026-04-27,ATM_U2S20_0S_H10_CD30__AVOID_OPEN,1,-100.00000000002274,0.0,0.0,-100.00000000002274,0.0,0.0,1,0,0,0,0.0,-0.20000000000004547,1.0,633.5
2026-04-28,ATM_U2S20_0S_H10_CD30__AVOID_OPEN,1,-275.0000000000057,0.0,0.0,-275.0000000000057,0.0,0.0,1,0,0,0,0.0,-0.5500000000000114,1.0,371.35
2026-04-29,ATM_U2S20_0S_H10_CD30__AVOID_OPEN,2,400.0000000000057,0.5,1.9411764705882864,200.00000000000284,-424.99999999998295,0.0,1,1,0,0,0.8249999999999886,-0.42499999999998295,2.0,332.975
2026-04-30,ATM_U2S20_0S_H10_CD30__AVOID_OPEN,17,6300.000000000023,0.4117647058823529,2.1351351351351395,370.588235294119,-1650.0000000000057,0.29411764705882354,9,2,1,0,1.5705882352941198,-0.6529411764705879,1.9411764705882353,90.03823529411764
2026-04-27,ATM_U2S20_0S_H10_CD30__CHOPPY_ACTIVE,1,-100.00000000002274,0.0,0.0,-100.00000000002274,0.0,0.0,1,0,0,0,0.0,-0.20000000000004547,1.0,633.5
2026-04-29,ATM_U2S20_0S_H10_CD30__CHOPPY_ACTIVE,1,824.9999999999886,1.0,inf,824.9999999999886,0.0,0.0,0,1,0,0,1.6499999999999773,0.0,3.0,286.05
2026-04-30,ATM_U2S20_0S_H10_CD30__CHOPPY_ACTIVE,7,2950.0000000000027,0.42857142857142855,1.936507936507936,421.42857142857184,-1925.0000000000043,0.2857142857142857,3,1,1,0,2.142857142857145,-0.9000000000000016,2.5714285714285716,107.03571428571426
2026-04-27,ATM_U2S20_0S_H10_CD30__HIGH_VOL_ONLY,2,1975.0000000000227,0.5,20.749999999995737,987.5000000000114,-100.00000000002274,0.5,1,0,0,0,2.0750000000000455,-0.10000000000002274,1.0,611.775
2026-04-28,ATM_U2S20_0S_H10_CD30__HIGH_VOL_ONLY,1,-275.0000000000057,0.0,0.0,-275.0000000000057,0.0,0.0,1,0,0,0,0.0,-0.5500000000000114,1.0,371.35
2026-04-29,ATM_U2S20_0S_H10_CD30__HIGH_VOL_ONLY,2,400.0000000000057,0.5,1.9411764705882864,200.00000000000284,-424.99999999998295,0.0,1,1,0,0,0.8249999999999886,-0.42499999999998295,2.0,332.975
2026-04-30,ATM_U2S20_0S_H10_CD30__HIGH_VOL_ONLY,17,6300.000000000023,0.4117647058823529,2.1351351351351395,370.588235294119,-1650.0000000000057,0.29411764705882354,9,2,1,0,1.5705882352941198,-0.6529411764705879,1.9411764705882353,90.03823529411764
2026-04-27,ATM_U2S20_0S_H10_CD30__IMPULSE_DENSITY_ACTIVE,2,1975.0000000000227,0.5,20.749999999995737,987.5000000000114,-100.00000000002274,0.5,1,0,0,0,2.0750000000000455,-0.10000000000002274,1.0,611.775
2026-04-28,ATM_U2S20_0S_H10_CD30__IMPULSE_DENSITY_ACTIVE,1,-275.0000000000057,0.0,0.0,-275.0000000000057,0.0,0.0,1,0,0,0,0.0,-0.5500000000000114,1.0,371.35
2026-04-29,ATM_U2S20_0S_H10_CD30__IMPULSE_DENSITY_ACTIVE,2,400.0000000000057,0.5,1.9411764705882864,200.00000000000284,-424.99999999998295,0.0,1,1,0,0,0.8249999999999886,-0.42499999999998295,2.0,332.975
2026-04-30,ATM_U2S20_0S_H10_CD30__IMPULSE_DENSITY_ACTIVE,17,6300.000000000023,0.4117647058823529,2.1351351351351395,370.588235294119,-1650.0000000000057,0.29411764705882354,9,2,1,0,1.5705882352941198,-0.6529411764705879,1.9411764705882353,90.03823529411764
2026-04-30,ATM_U2S20_0S_H10_CD30__MIDDAY_ONLY,6,6275.0000000000055,0.5,5.183333333333337,1045.8333333333342,-1225.0000000000014,0.5,3,0,0,0,2.683333333333335,-0.5,1.3333333333333333,86.05
2026-04-27,ATM_U2S20_0S_H10_CD30__NO_MORNING_WEAK,1,-100.00000000002274,0.0,0.0,-100.00000000002274,0.0,0.0,1,0,0,0,0.0,-0.20000000000004547,1.0,633.5
2026-04-28,ATM_U2S20_0S_H10_CD30__NO_MORNING_WEAK,1,-275.0000000000057,0.0,0.0,-275.0000000000057,0.0,0.0,1,0,0,0,0.0,-0.5500000000000114,1.0,371.35
2026-04-29,ATM_U2S20_0S_H10_CD30__NO_MORNING_WEAK,2,400.0000000000057,0.5,1.9411764705882864,200.00000000000284,-424.99999999998295,0.0,1,1,0,0,0.8249999999999886,-0.42499999999998295,2.0,332.975
2026-04-30,ATM_U2S20_0S_H10_CD30__NO_MORNING_WEAK,16,7200.000000000015,0.4375,2.5483870967741944,450.0000000000009,-1650.0000000000057,0.3125,8,2,1,0,1.6687500000000024,-0.5812500000000007,2.0,86.3
2026-04-27,ATM_U2S20_0S_H10_CD30__TRENDING_ACTIVE,1,2075.0000000000455,1.0,inf,2075.0000000000455,0.0,1.0,0,0,0,0,4.150000000000091,0.0,1.0,590.05
2026-04-28,ATM_U2S20_0S_H10_CD30__TRENDING_ACTIVE,1,-275.0000000000057,0.0,0.0,-275.0000000000057,0.0,0.0,1,0,0,0,0.0,-0.5500000000000114,1.0,371.35
2026-04-29,ATM_U2S20_0S_H10_CD30__TRENDING_ACTIVE,1,-424.99999999998295,0.0,0.0,-424.99999999998295,0.0,0.0,1,0,0,0,0.0,-0.8499999999999659,1.0,379.9
2026-04-30,ATM_U2S20_0S_H10_CD30__TRENDING_ACTIVE,10,3350.0000000000196,0.4,2.395833333333346,335.00000000000193,-1500.0,0.3,6,1,0,0,1.1700000000000021,-0.4799999999999983,1.5,78.14
2026-04-27,ATM_U2S20_0S_H5_CD30,2,1975.0000000000227,0.5,20.749999999995737,987.5000000000114,-100.00000000002274,0.5,1,0,0,0,2.0750000000000455,-0.10000000000002274,1.0,611.775
2026-04-28,ATM_U2S20_0S_H5_CD30,1,-275.0000000000057,0.0,0.0,-275.0000000000057,0.0,0.0,1,0,0,0,0.0,-0.5500000000000114,1.0,371.35
2026-04-29,ATM_U2S20_0S_H5_CD30,2,400.0000000000057,0.5,1.9411764705882864,200.00000000000284,-424.99999999998295,0.0,1,1,0,0,0.8249999999999886,-0.42499999999998295,2.0,332.975
2026-04-30,ATM_U2S20_0S_H5_CD30,17,7850.00000000002,0.4117647058823529,2.9625000000000044,461.7647058823541,-1500.0,0.29411764705882354,9,2,0,1,1.5705882352941198,-0.47058823529411764,1.7058823529411764,90.03823529411764
2026-04-30,ATM_U3S30_0S_H10_CD30,6,6249.999999999988,0.6666666666666666,4.472222222222214,1041.6666666666647,-1800.000000000001,0.6666666666666666,2,0,0,0,2.68333333333333,-0.6000000000000002,1.6666666666666667,106.86666666666666
2026-04-30,ATM_U3S30_0S_H10_CD30__ACTIVE_WINDOW,5,4425.000000000001,0.6,3.458333333333333,885.0000000000002,-1800.000000000001,0.6,2,0,0,0,2.4900000000000007,-0.7200000000000003,1.6,85.22999999999999
2026-04-30,ATM_U3S30_0S_H10_CD30__AVOID_OPEN,5,4425.000000000001,0.6,3.458333333333333,885.0000000000002,-1800.000000000001,0.6,2,0,0,0,2.4900000000000007,-0.7200000000000003,1.6,85.22999999999999
2026-04-30,ATM_U3S30_0S_H10_CD30__CHOPPY_ACTIVE,3,3500.0000000000005,0.6666666666666666,3.8571428571428545,1166.6666666666667,-1225.0000000000014,0.6666666666666666,1,0,0,0,3.150000000000001,-0.8166666666666677,1.3333333333333333,92.43333333333334
2026-04-30,ATM_U3S30_0S_H10_CD30__HIGH_VOL_ONLY,6,6249.999999999988,0.6666666666666666,4.472222222222214,1041.6666666666647,-1800.000000000001,0.6666666666666666,2,0,0,0,2.68333333333333,-0.6000000000000002,1.6666666666666667,106.86666666666666
2026-04-30,ATM_U3S30_0S_H10_CD30__IMPULSE_DENSITY_ACTIVE,6,6249.999999999988,0.6666666666666666,4.472222222222214,1041.6666666666647,-1800.000000000001,0.6666666666666666,2,0,0,0,2.68333333333333,-0.6000000000000002,1.6666666666666667,106.86666666666666
2026-04-30,ATM_U3S30_0S_H10_CD30__MIDDAY_ONLY,4,2925.000000000001,0.5,2.625,731.2500000000002,-1800.000000000001,0.5,2,0,0,0,2.3625000000000007,-0.9000000000000004,1.25,78.6375
2026-04-30,ATM_U3S30_0S_H10_CD30__NO_MORNING_WEAK,5,4425.000000000001,0.6,3.458333333333333,885.0000000000002,-1800.000000000001,0.6,2,0,0,0,2.4900000000000007,-0.7200000000000003,1.6,85.22999999999999
2026-04-30,ATM_U3S30_0S_H10_CD30__TRENDING_ACTIVE,3,2749.999999999989,0.6666666666666666,5.782608695652161,916.666666666663,-574.9999999999995,0.6666666666666666,1,0,0,0,2.2166666666666592,-0.38333333333333286,2.0,121.3
