variant_name,regime_dimension,regime_value,trades,net_pnl,win_rate,profit_factor,avg_pnl,target_hit_rate,avg_mfe,avg_mae,worst_day_pnl
ATM_ACCEL_0S_H10_CD30,spread_regime,wide_spread,20,9649.999999999976,0.5,2.939698492462297,482.4999999999988,0.3,1.5125,-0.4975000000000024,-475.00000000002274
ATM_ACCEL_0S_H10_CD30,trend_regime,trending,22,4249.999999999986,0.36363636363636365,1.5841924398625387,193.18181818181756,0.2727272727272727,1.081818181818183,-0.6613636363636387,-475.00000000002274
ATM_ACCEL_0S_H10_CD30,impulse_density_regime,active,31,3074.999999999977,0.3548387096774194,1.233840304182507,99.19354838709603,0.22580645161290322,1.1854838709677424,-0.8483870967741955,-1925.0000000000114
ATM_ACCEL_0S_H10_CD30,vol_regime,high_vol,32,2599.9999999999536,0.34375,1.19082568807339,81.24999999999855,0.21875,1.1484375000000004,-0.8515625000000033,-1925.0000000000114
ATM_ACCEL_0S_H10_CD30,depth_regime,high_depth,18,1724.999999999969,0.3333333333333333,1.2684824902723675,95.83333333333161,0.16666666666666666,0.9638888888888881,-0.7138888888888918,-100.00000000002274
ATM_ACCEL_0S_H10_CD30,depth_regime,low_depth,14,874.9999999999854,0.35714285714285715,1.1215277777777752,62.49999999999896,0.2857142857142857,1.3857142857142877,-1.0285714285714325,-2750.0
ATM_ACCEL_0S_H10_CD30,impulse_density_regime,inactive,1,-475.00000000002274,0.0,0.0,-475.00000000002274,0.0,0.0,-0.9500000000000455,-475.00000000002274
ATM_ACCEL_0S_H10_CD30,trend_regime,choppy,10,-1650.0000000000327,0.3,0.7401574803149565,-165.00000000000327,0.1,1.2949999999999988,-1.2700000000000056,-1925.0000000000114
ATM_ACCEL_0S_H10_CD30,spread_regime,tight_spread,12,-7050.000000000022,0.08333333333333333,0.18497109826589628,-587.5000000000018,0.08333333333333333,0.5416666666666679,-1.4416666666666718,-4199.999999999999
ATM_ACCEL_0S_H10_CD30__ACTIVE_WINDOW,spread_regime,wide_spread,17,7949.999999999982,0.47058823529411764,2.7472527472527344,467.64705882352837,0.29411764705882354,1.5294117647058831,-0.5352941176470616,-475.00000000002274
ATM_ACCEL_0S_H10_CD30__ACTIVE_WINDOW,trend_regime,trending,17,3674.9999999999945,0.35294117647058826,1.641921397379909,216.17647058823496,0.29411764705882354,1.1500000000000024,-0.6735294117647088,-475.00000000002274
ATM_ACCEL_0S_H10_CD30__ACTIVE_WINDOW,impulse_density_regime,active,25,2600.000000000006,0.36,1.2260869565217396,104.00000000000024,0.24,1.3000000000000012,-0.9200000000000007,-1925.0000000000114
ATM_ACCEL_0S_H10_CD30__ACTIVE_WINDOW,vol_regime,high_vol,26,2124.9999999999827,0.34615384615384615,1.1774530271398729,81.73076923076857,0.23076923076923078,1.250000000000001,-0.9211538461538485,-1925.0000000000114
ATM_ACCEL_0S_H10_CD30__ACTIVE_WINDOW,depth_regime,low_depth,12,1999.9999999999854,0.4166666666666667,1.3292181069958808,166.66666666666546,0.3333333333333333,1.616666666666669,-1.0125000000000046,-2750.0
ATM_ACCEL_0S_H10_CD30__ACTIVE_WINDOW,depth_regime,high_depth,14,124.9999999999983,0.2857142857142857,1.0211864406779658,8.928571428571306,0.14285714285714285,0.9357142857142857,-0.8428571428571434,-699.9999999999906
ATM_ACCEL_0S_H10_CD30__ACTIVE_WINDOW,impulse_density_regime,inactive,1,-475.00000000002274,0.0,0.0,-475.00000000002274,0.0,0.0,-0.9500000000000455,-475.00000000002274
ATM_ACCEL_0S_H10_CD30__ACTIVE_WINDOW,trend_regime,choppy,9,-1550.00000000001,0.3333333333333333,0.7519999999999987,-172.22222222222334,0.1111111111111111,1.4388888888888876,-1.3888888888888902,-1925.0000000000114
ATM_ACCEL_0S_H10_CD30__ACTIVE_WINDOW,spread_regime,tight_spread,9,-5824.999999999999,0.1111111111111111,0.21548821548821645,-647.2222222222222,0.1111111111111111,0.7222222222222238,-1.6500000000000017,-3074.999999999999
ATM_ACCEL_0S_H10_CD30__AVOID_OPEN,spread_regime,wide_spread,19,7824.999999999986,0.47368421052631576,2.5728643216080296,411.8421052631572,0.2631578947368421,1.4000000000000012,-0.5236842105263183,-475.00000000002274
ATM_ACCEL_0S_H10_CD30__AVOID_OPEN,trend_regime,trending,21,2424.999999999998,0.3333333333333333,1.3333333333333317,115.4761904761904,0.23809523809523808,0.9595238095238118,-0.6928571428571453,-475.00000000002274
ATM_ACCEL_0S_H10_CD30__AVOID_OPEN,impulse_density_regime,active,30,1249.999999999989,0.3333333333333333,1.095057034220531,41.6666666666663,0.2,1.1033333333333346,-0.8766666666666687,-1925.0000000000114
ATM_ACCEL_0S_H10_CD30__AVOID_OPEN,depth_regime,low_depth,14,874.9999999999854,0.35714285714285715,1.1215277777777752,62.49999999999896,0.2857142857142857,1.3857142857142877,-1.0285714285714325,-2750.0
ATM_ACCEL_0S_H10_CD30__AVOID_OPEN,vol_regime,high_vol,31,774.9999999999661,0.3225806451612903,1.0568807339449513,24.999999999998906,0.1935483870967742,1.0677419354838722,-0.8790322580645196,-1925.0000000000114
ATM_ACCEL_0S_H10_CD30__AVOID_OPEN,depth_regime,high_depth,17,-100.00000000002007,0.29411764705882354,0.9844357976653667,-5.8823529411776505,0.11764705882352941,0.8058823529411769,-0.7558823529411794,-824.9999999999861
ATM_ACCEL_0S_H10_CD30__AVOID_OPEN,impulse_density_regime,inactive,1,-475.00000000002274,0.0,0.0,-475.00000000002274,0.0,0.0,-0.9500000000000455,-475.00000000002274
ATM_ACCEL_0S_H10_CD30__AVOID_OPEN,trend_regime,choppy,10,-1650.0000000000327,0.3,0.7401574803149565,-165.00000000000327,0.1,1.2949999999999988,-1.2700000000000056,-1925.0000000000114
ATM_ACCEL_0S_H10_CD30__AVOID_OPEN,spread_regime,tight_spread,12,-7050.000000000022,0.08333333333333333,0.18497109826589628,-587.5000000000018,0.08333333333333333,0.5416666666666679,-1.4416666666666718,-4199.999999999999
ATM_ACCEL_0S_H10_CD30__CHOPPY_ACTIVE,spread_regime,wide_spread,4,4349.999999999995,0.75,13.428571428571411,1087.4999999999989,0.25,2.412499999999998,-0.17500000000000004,824.9999999999886
ATM_ACCEL_0S_H10_CD30__CHOPPY_ACTIVE,depth_regime,high_depth,7,2049.99999999997,0.2857142857142857,2.0512820512820236,292.85714285713857,0.14285714285714285,1.2571428571428547,-0.5571428571428637,-100.00000000002274
ATM_ACCEL_0S_H10_CD30__CHOPPY_ACTIVE,impulse_density_regime,active,10,-1650.0000000000327,0.3,0.7401574803149565,-165.00000000000327,0.1,1.2949999999999988,-1.2700000000000056,-1925.0000000000114
ATM_ACCEL_0S_H10_CD30__CHOPPY_ACTIVE,vol_regime,high_vol,10,-1650.0000000000327,0.3,0.7401574803149565,-165.00000000000327,0.1,1.2949999999999988,-1.2700000000000056,-1925.0000000000114
ATM_ACCEL_0S_H10_CD30__CHOPPY_ACTIVE,trend_regime,choppy,10,-1650.0000000000327,0.3,0.7401574803149565,-165.00000000000327,0.1,1.2949999999999988,-1.2700000000000056,-1925.0000000000114
ATM_ACCEL_0S_H10_CD30__CHOPPY_ACTIVE,depth_regime,low_depth,3,-3700.0000000000027,0.3333333333333333,0.15909090909090953,-1233.3333333333342,0.0,1.3833333333333353,-2.933333333333337,-2750.0
ATM_ACCEL_0S_H10_CD30__CHOPPY_ACTIVE,spread_regime,tight_spread,6,-6000.000000000029,0.0,0.0,-1000.0000000000049,0.0,0.5499999999999995,-2.0000000000000093,-3150.0000000000055
ATM_ACCEL_0S_H10_CD30__HIGH_VOL_ONLY,spread_regime,wide_spread,20,9649.999999999976,0.5,2.939698492462297,482.4999999999988,0.3,1.5125,-0.4975000000000024,-475.00000000002274
ATM_ACCEL_0S_H10_CD30__HIGH_VOL_ONLY,trend_regime,trending,22,4249.999999999986,0.36363636363636365,1.5841924398625387,193.18181818181756,0.2727272727272727,1.081818181818183,-0.6613636363636387,-475.00000000002274
ATM_ACCEL_0S_H10_CD30__HIGH_VOL_ONLY,impulse_density_regime,active,31,3074.999999999977,0.3548387096774194,1.233840304182507,99.19354838709603,0.22580645161290322,1.1854838709677424,-0.8483870967741955,-1925.0000000000114
ATM_ACCEL_0S_H10_CD30__HIGH_VOL_ONLY,vol_regime,high_vol,32,2599.9999999999536,0.34375,1.19082568807339,81.24999999999855,0.21875,1.1484375000000004,-0.8515625000000033,-1925.0000000000114
ATM_ACCEL_0S_H10_CD30__HIGH_VOL_ONLY,depth_regime,high_depth,18,1724.999999999969,0.3333333333333333,1.2684824902723675,95.83333333333161,0.16666666666666666,0.9638888888888881,-0.7138888888888918,-100.00000000002274
ATM_ACCEL_0S_H10_CD30__HIGH_VOL_ONLY,depth_regime,low_depth,14,874.9999999999854,0.35714285714285715,1.1215277777777752,62.49999999999896,0.2857142857142857,1.3857142857142877,-1.0285714285714325,-2750.0
ATM_ACCEL_0S_H10_CD30__HIGH_VOL_ONLY,impulse_density_regime,inactive,1,-475.00000000002274,0.0,0.0,-475.00000000002274,0.0,0.0,-0.9500000000000455,-475.00000000002274
ATM_ACCEL_0S_H10_CD30__HIGH_VOL_ONLY,trend_regime,choppy,10,-1650.0000000000327,0.3,0.7401574803149565,-165.00000000000327,0.1,1.2949999999999988,-1.2700000000000056,-1925.0000000000114
ATM_ACCEL_0S_H10_CD30__HIGH_VOL_ONLY,spread_regime,tight_spread,12,-7050.000000000022,0.08333333333333333,0.18497109826589628,-587.5000000000018,0.08333333333333333,0.5416666666666679,-1.4416666666666718,-4199.999999999999
ATM_ACCEL_0S_H10_CD30__IMPULSE_DENSITY_ACTIVE,spread_regime,wide_spread,19,10124.999999999996,0.5263157894736842,3.2499999999999996,532.8947368421051,0.3157894736842105,1.5921052631578947,-0.4736842105263159,824.9999999999886
ATM_ACCEL_0S_H10_CD30__IMPULSE_DENSITY_ACTIVE,trend_regime,trending,21,4725.00000000001,0.38095238095238093,1.6948529411764715,225.00000000000048,0.2857142857142857,1.1333333333333346,-0.6476190476190479,4725.000000000009
ATM_ACCEL_0S_H10_CD30__IMPULSE_DENSITY_ACTIVE,impulse_density_regime,active,31,3074.999999999977,0.3548387096774194,1.233840304182507,99.19354838709603,0.22580645161290322,1.1854838709677424,-0.8483870967741955,-1925.0000000000114
ATM_ACCEL_0S_H10_CD30__IMPULSE_DENSITY_ACTIVE,vol_regime,high_vol,31,3074.999999999977,0.3548387096774194,1.233840304182507,99.19354838709603,0.22580645161290322,1.1854838709677424,-0.8483870967741955,-1925.0000000000114
ATM_ACCEL_0S_H10_CD30__IMPULSE_DENSITY_ACTIVE,depth_regime,high_depth,18,1724.999999999969,0.3333333333333333,1.2684824902723675,95.83333333333161,0.16666666666666666,0.9638888888888881,-0.7138888888888918,-100.00000000002274
ATM_ACCEL_0S_H10_CD30__IMPULSE_DENSITY_ACTIVE,depth_regime,low_depth,13,1350.0000000000082,0.38461538461538464,1.200743494423793,103.84615384615448,0.3076923076923077,1.4923076923076943,-1.0346153846153854,-2750.0
ATM_ACCEL_0S_H10_CD30__IMPULSE_DENSITY_ACTIVE,trend_regime,choppy,10,-1650.0000000000327,0.3,0.7401574803149565,-165.00000000000327,0.1,1.2949999999999988,-1.2700000000000056,-1925.0000000000114
ATM_ACCEL_0S_H10_CD30__IMPULSE_DENSITY_ACTIVE,spread_regime,tight_spread,12,-7050.000000000022,0.08333333333333333,0.18497109826589628,-587.5000000000018,0.08333333333333333,0.5416666666666679,-1.4416666666666718,-4199.999999999999
ATM_ACCEL_0S_H10_CD30__MIDDAY_ONLY,spread_regime,wide_spread,6,6275.000000000016,0.6666666666666666,4.691176470588246,1045.833333333336,0.5,2.6583333333333385,-0.5666666666666664,6275.0000000000155
ATM_ACCEL_0S_H10_CD30__MIDDAY_ONLY,depth_regime,low_depth,6,900.0000000000127,0.5,1.2307692307692342,150.00000000000213,0.3333333333333333,1.6833333333333371,-1.2999999999999996,-2750.0
ATM_ACCEL_0S_H10_CD30__MIDDAY_ONLY,trend_regime,trending,6,875.0000000000069,0.3333333333333333,1.2713178294573664,145.83333333333448,0.3333333333333333,1.3666666666666696,-1.0750000000000004,875.0000000000067
ATM_ACCEL_0S_H10_CD30__MIDDAY_ONLY,impulse_density_regime,active,12,500.000000000014,0.3333333333333333,1.0668896321070254,41.66666666666783,0.25,1.416666666666669,-1.2458333333333336,-2750.0
ATM_ACCEL_0S_H10_CD30__MIDDAY_ONLY,vol_regime,high_vol,12,500.000000000014,0.3333333333333333,1.0668896321070254,41.66666666666783,0.25,1.416666666666669,-1.2458333333333336,-2750.0
ATM_ACCEL_0S_H10_CD30__MIDDAY_ONLY,trend_regime,choppy,6,-374.99999999999307,0.3333333333333333,0.9117647058823546,-62.49999999999884,0.16666666666666666,1.4666666666666686,-1.4166666666666667,-2750.0
ATM_ACCEL_0S_H10_CD30__MIDDAY_ONLY,depth_regime,high_depth,6,-399.99999999999875,0.16666666666666666,0.8881118881118886,-66.66666666666646,0.16666666666666666,1.150000000000001,-1.1916666666666675,-399.99999999999875
ATM_ACCEL_0S_H10_CD30__MIDDAY_ONLY,spread_regime,tight_spread,6,-5775.000000000002,0.0,0.0,-962.5000000000003,0.0,0.17499999999999952,-1.9250000000000007,-3025.0000000000023
ATM_ACCEL_0S_H10_CD30__NO_MORNING_WEAK,spread_regime,wide_spread,19,7824.999999999986,0.47368421052631576,2.5728643216080296,411.8421052631572,0.2631578947368421,1.4000000000000012,-0.5236842105263183,-475.00000000002274
ATM_ACCEL_0S_H10_CD30__NO_MORNING_WEAK,trend_regime,trending,19,3549.9999999999986,0.3684210526315789,1.5772357723577208,186.84210526315783,0.2631578947368421,1.0605263157894762,-0.6473684210526343,-475.00000000002274
ATM_ACCEL_0S_H10_CD30__NO_MORNING_WEAK,impulse_density_regime,active,28,2374.999999999987,0.35714285714285715,1.197505197505196,84.8214285714281,0.21428571428571427,1.1821428571428585,-0.8589285714285736,-1925.0000000000114
ATM_ACCEL_0S_H10_CD30__NO_MORNING_WEAK,depth_regime,low_depth,12,1999.9999999999854,0.4166666666666667,1.3292181069958808,166.66666666666546,0.3333333333333333,1.616666666666669,-1.0125000000000046,-2750.0
ATM_ACCEL_0S_H10_CD30__NO_MORNING_WEAK,vol_regime,high_vol,29,1899.999999999965,0.3448275862068966,1.1519999999999966,65.51724137930914,0.20689655172413793,1.1413793103448289,-0.8620689655172451,-1925.0000000000114
ATM_ACCEL_0S_H10_CD30__NO_MORNING_WEAK,depth_regime,high_depth,17,-100.00000000002007,0.29411764705882354,0.9844357976653667,-5.8823529411776505,0.11764705882352941,0.8058823529411769,-0.7558823529411794,-824.9999999999861
ATM_ACCEL_0S_H10_CD30__NO_MORNING_WEAK,impulse_density_regime,inactive,1,-475.00000000002274,0.0,0.0,-475.00000000002274,0.0,0.0,-0.9500000000000455,-475.00000000002274
ATM_ACCEL_0S_H10_CD30__NO_MORNING_WEAK,trend_regime,choppy,10,-1650.0000000000327,0.3,0.7401574803149565,-165.00000000000327,0.1,1.2949999999999988,-1.2700000000000056,-1925.0000000000114
ATM_ACCEL_0S_H10_CD30__NO_MORNING_WEAK,spread_regime,tight_spread,10,-5925.000000000022,0.1,0.21262458471760826,-592.5000000000022,0.1,0.6500000000000015,-1.505000000000006,-3074.999999999999
ATM_ACCEL_0S_H10_CD30__TRENDING_ACTIVE,spread_regime,wide_spread,15,5775.000000000003,0.4666666666666667,2.3915662650602414,385.00000000000017,0.3333333333333333,1.373333333333334,-0.5533333333333333,5775.000000000004
ATM_ACCEL_0S_H10_CD30__TRENDING_ACTIVE,depth_regime,low_depth,10,5050.000000000011,0.4,3.172043010752693,505.0000000000011,0.4,1.5250000000000021,-0.46499999999999986,5050.000000000011
ATM_ACCEL_0S_H10_CD30__TRENDING_ACTIVE,impulse_density_regime,active,21,4725.00000000001,0.38095238095238093,1.6948529411764715,225.00000000000048,0.2857142857142857,1.1333333333333346,-0.6476190476190479,4725.000000000009
ATM_ACCEL_0S_H10_CD30__TRENDING_ACTIVE,vol_regime,high_vol,21,4725.00000000001,0.38095238095238093,1.6948529411764715,225.00000000000048,0.2857142857142857,1.1333333333333346,-0.6476190476190479,4725.000000000009
ATM_ACCEL_0S_H10_CD30__TRENDING_ACTIVE,trend_regime,trending,21,4725.00000000001,0.38095238095238093,1.6948529411764715,225.00000000000048,0.2857142857142857,1.1333333333333346,-0.6476190476190479,4725.000000000009
ATM_ACCEL_0S_H10_CD30__TRENDING_ACTIVE,depth_regime,high_depth,11,-325.0000000000012,0.36363636363636365,0.9273743016759773,-29.545454545454653,0.18181818181818182,0.7772727272727274,-0.8136363636363643,-325.0000000000015
ATM_ACCEL_0S_H10_CD30__TRENDING_ACTIVE,spread_regime,tight_spread,6,-1049.9999999999936,0.16666666666666666,0.6037735849056631,-174.99999999999895,0.16666666666666666,0.5333333333333362,-0.8833333333333341,-1049.9999999999936
ATM_U1S10_0S_H10_CD30,impulse_density_regime,active,47,20024.999999999996,0.425531914893617,2.3003246753246738,426.06382978723394,0.2553191489361702,1.6946808510638305,-0.6553191489361707,-100.00000000002274
ATM_U1S10_0S_H10_CD30,trend_regime,trending,26,17450.000000000004,0.46153846153846156,3.3904109589041105,671.1538461538463,0.34615384615384615,2.065384615384616,-0.5615384615384615,-375.0
ATM_U1S10_0S_H10_CD30,vol_regime,high_vol,45,16749.99999999999,0.4,2.087662337662336,372.222222222222,0.24444444444444444,1.624444444444445,-0.6844444444444451,-100.00000000002274
ATM_U1S10_0S_H10_CD30,depth_regime,low_depth,21,14825.00000000003,0.5238095238095238,3.420408163265314,705.9523809523823,0.2857142857142857,2.1833333333333362,-0.5833333333333327,425.00000000001137
ATM_U1S10_0S_H10_CD30,spread_regime,wide_spread,19,12699.999999999993,0.47368421052631576,4.762962962962961,668.4210526315786,0.3157894736842105,1.8052631578947362,-0.35526315789473695,199.99999999998863
ATM_U1S10_0S_H10_CD30,spread_regime,tight_spread,28,7325.000000000004,0.39285714285714285,1.6091476091476091,261.607142857143,0.21428571428571427,1.619642857142859,-0.8589285714285724,-100.00000000002274
ATM_U1S10_0S_H10_CD30,depth_regime,high_depth,26,5199.999999999969,0.34615384615384615,1.560646900269537,199.9999999999988,0.23076923076923078,1.2999999999999994,-0.7134615384615401,-100.00000000002274
ATM_U1S10_0S_H10_CD30,vol_regime,low_vol,2,3275.0000000000055,1.0,inf,1637.5000000000027,0.5,3.2750000000000057,0.0,3275.0000000000055
ATM_U1S10_0S_H10_CD30,trend_regime,choppy,21,2574.9999999999936,0.38095238095238093,1.3179012345678998,122.61904761904732,0.14285714285714285,1.2357142857142869,-0.7714285714285728,-100.00000000002274
ATM_U1S10_0S_H10_CD30__ACTIVE_WINDOW,impulse_density_regime,active,37,20525.0,0.4594594594594595,2.517560073937154,554.7297297297297,0.32432432432432434,2.032432432432432,-0.7310810810810809,-175.00000000001137
ATM_U1S10_0S_H10_CD30__ACTIVE_WINDOW,trend_regime,trending,20,17899.999999999993,0.5,3.8525896414342586,894.9999999999997,0.45,2.5425,-0.6275000000000006,-375.0
ATM_U1S10_0S_H10_CD30__ACTIVE_WINDOW,vol_regime,high_vol,35,17249.999999999993,0.42857142857142855,2.2754158964879854,492.85714285714266,0.3142857142857143,1.961428571428571,-0.7728571428571427,-175.00000000001137
ATM_U1S10_0S_H10_CD30__ACTIVE_WINDOW,depth_regime,low_depth,17,14450.000000000013,0.5294117647058824,3.688372093023262,850.0000000000008,0.35294117647058826,2.555882352941178,-0.6323529411764698,-375.0
ATM_U1S10_0S_H10_CD30__ACTIVE_WINDOW,spread_regime,wide_spread,16,12724.999999999993,0.5,5.104838709677416,795.3124999999995,0.375,2.0562499999999995,-0.3875000000000001,199.99999999998863
ATM_U1S10_0S_H10_CD30__ACTIVE_WINDOW,spread_regime,tight_spread,21,7800.000000000004,0.42857142857142855,1.7482014388489218,371.4285714285716,0.2857142857142857,2.0142857142857147,-0.9928571428571425,-375.0
ATM_U1S10_0S_H10_CD30__ACTIVE_WINDOW,depth_regime,high_depth,20,6074.9999999999845,0.4,1.7453987730061324,303.7499999999992,0.3,1.587499999999999,-0.8150000000000006,199.99999999998863
ATM_U1S10_0S_H10_CD30__ACTIVE_WINDOW,vol_regime,low_vol,2,3275.0000000000055,1.0,inf,1637.5000000000027,0.5,3.2750000000000057,0.0,3275.0000000000055
ATM_U1S10_0S_H10_CD30__ACTIVE_WINDOW,trend_regime,choppy,17,2625.0000000000055,0.4117647058823529,1.3620689655172429,154.41176470588266,0.17647058823529413,1.4323529411764706,-0.8529411764705872,199.99999999998863
ATM_U1S10_0S_H10_CD30__AVOID_OPEN,impulse_density_regime,active,46,20550.0,0.43478260869565216,2.3815126050420163,446.7391304347826,0.2608695652173913,1.7315217391304356,-0.646739130434783,-100.00000000002274
ATM_U1S10_0S_H10_CD30__AVOID_OPEN,trend_regime,trending,26,17450.000000000004,0.46153846153846156,3.3904109589041105,671.1538461538463,0.34615384615384615,2.065384615384616,-0.5615384615384615,-375.0
ATM_U1S10_0S_H10_CD30__AVOID_OPEN,vol_regime,high_vol,44,17274.999999999996,0.4090909090909091,2.1613445378151255,392.61363636363626,0.25,1.6613636363636373,-0.6761363636363641,-100.00000000002274
ATM_U1S10_0S_H10_CD30__AVOID_OPEN,depth_regime,low_depth,20,15350.000000000035,0.55,3.741071428571441,767.5000000000017,0.3,2.292500000000003,-0.5599999999999987,425.00000000001137
ATM_U1S10_0S_H10_CD30__AVOID_OPEN,spread_regime,wide_spread,19,12699.999999999993,0.47368421052631576,4.762962962962961,668.4210526315786,0.3157894736842105,1.8052631578947362,-0.35526315789473695,199.99999999998863
ATM_U1S10_0S_H10_CD30__AVOID_OPEN,spread_regime,tight_spread,27,7850.000000000009,0.4074074074074074,1.6826086956521744,290.7407407407411,0.2222222222222222,1.6796296296296316,-0.8518518518518524,-100.00000000002274
ATM_U1S10_0S_H10_CD30__AVOID_OPEN,depth_regime,high_depth,26,5199.999999999969,0.34615384615384615,1.560646900269537,199.9999999999988,0.23076923076923078,1.2999999999999994,-0.7134615384615401,-100.00000000002274
ATM_U1S10_0S_H10_CD30__AVOID_OPEN,vol_regime,low_vol,2,3275.0000000000055,1.0,inf,1637.5000000000027,0.5,3.2750000000000057,0.0,3275.0000000000055
ATM_U1S10_0S_H10_CD30__AVOID_OPEN,trend_regime,choppy,20,3099.999999999999,0.4,1.4092409240924084,154.99999999999994,0.15,1.2975000000000012,-0.7575000000000008,-100.00000000002274
ATM_U1S10_0S_H10_CD30__CHOPPY_ACTIVE,spread_regime,wide_spread,6,3949.9999999999936,0.5,3.1066666666666647,658.3333333333322,0.3333333333333333,2.066666666666664,-0.6249999999999996,199.99999999998863
ATM_U1S10_0S_H10_CD30__CHOPPY_ACTIVE,impulse_density_regime,active,21,2574.9999999999936,0.38095238095238093,1.3179012345678998,122.61904761904732,0.14285714285714285,1.2357142857142869,-0.7714285714285728,-100.00000000002274
ATM_U1S10_0S_H10_CD30__CHOPPY_ACTIVE,trend_regime,choppy,21,2574.9999999999936,0.38095238095238093,1.3179012345678998,122.61904761904732,0.14285714285714285,1.2357142857142869,-0.7714285714285728,-100.00000000002274
ATM_U1S10_0S_H10_CD30__CHOPPY_ACTIVE,depth_regime,low_depth,13,2100.0000000000264,0.46153846153846156,1.4590163934426297,161.53846153846357,0.15384615384615385,1.3192307692307723,-0.7038461538461521,800.0000000000114
ATM_U1S10_0S_H10_CD30__CHOPPY_ACTIVE,vol_regime,high_vol,20,1674.9999999999882,0.35,1.2067901234567884,83.7499999999994,0.15,1.2075000000000007,-0.8100000000000014,-100.00000000002274
ATM_U1S10_0S_H10_CD30__CHOPPY_ACTIVE,vol_regime,low_vol,1,900.0000000000057,1.0,inf,900.0000000000057,0.0,1.8000000000000114,0.0,900.0000000000057
ATM_U1S10_0S_H10_CD30__CHOPPY_ACTIVE,depth_regime,high_depth,8,474.99999999996726,0.25,1.134751773049635,59.37499999999591,0.125,1.0999999999999979,-0.8812500000000064,-100.00000000002274
ATM_U1S10_0S_H10_CD30__CHOPPY_ACTIVE,spread_regime,tight_spread,15,-1375.0,0.3333333333333333,0.7791164658634544,-91.66666666666667,0.06666666666666667,0.903333333333336,-0.8300000000000021,-2074.999999999988
ATM_U1S10_0S_H10_CD30__HIGH_VOL_ONLY,impulse_density_regime,active,45,16749.99999999999,0.4,2.087662337662336,372.222222222222,0.24444444444444444,1.624444444444445,-0.6844444444444451,-100.00000000002274
ATM_U1S10_0S_H10_CD30__HIGH_VOL_ONLY,vol_regime,high_vol,45,16749.99999999999,0.4,2.087662337662336,372.222222222222,0.24444444444444444,1.624444444444445,-0.6844444444444451,-100.00000000002274
ATM_U1S10_0S_H10_CD30__HIGH_VOL_ONLY,trend_regime,trending,25,15075.000000000004,0.44,3.0650684931506857,603.0000000000001,0.32,1.9580000000000006,-0.584,-375.0
ATM_U1S10_0S_H10_CD30__HIGH_VOL_ONLY,depth_regime,low_depth,20,13925.000000000024,0.5,3.273469387755109,696.2500000000011,0.3,2.2025000000000023,-0.6124999999999993,425.00000000001137
ATM_U1S10_0S_H10_CD30__HIGH_VOL_ONLY,spread_regime,wide_spread,18,10324.999999999993,0.4444444444444444,4.059259259259257,573.6111111111107,0.2777777777777778,1.6416666666666662,-0.3750000000000001,199.99999999998863
ATM_U1S10_0S_H10_CD30__HIGH_VOL_ONLY,spread_regime,tight_spread,27,6424.999999999997,0.37037037037037035,1.5343035343035338,237.96296296296285,0.2222222222222222,1.6129629629629645,-0.8907407407407417,-100.00000000002274
ATM_U1S10_0S_H10_CD30__HIGH_VOL_ONLY,depth_regime,high_depth,25,2824.999999999968,0.32,1.3045822102425833,112.99999999999872,0.2,1.1619999999999993,-0.7420000000000015,-100.00000000002274
ATM_U1S10_0S_H10_CD30__HIGH_VOL_ONLY,trend_regime,choppy,20,1674.9999999999882,0.35,1.2067901234567884,83.7499999999994,0.15,1.2075000000000007,-0.8100000000000014,-100.00000000002274
ATM_U1S10_0S_H10_CD30__IMPULSE_DENSITY_ACTIVE,impulse_density_regime,active,47,20024.999999999996,0.425531914893617,2.3003246753246738,426.06382978723394,0.2553191489361702,1.6946808510638305,-0.6553191489361707,-100.00000000002274
ATM_U1S10_0S_H10_CD30__IMPULSE_DENSITY_ACTIVE,trend_regime,trending,26,17450.000000000004,0.46153846153846156,3.3904109589041105,671.1538461538463,0.34615384615384615,2.065384615384616,-0.5615384615384615,-375.0
ATM_U1S10_0S_H10_CD30__IMPULSE_DENSITY_ACTIVE,vol_regime,high_vol,45,16749.99999999999,0.4,2.087662337662336,372.222222222222,0.24444444444444444,1.624444444444445,-0.6844444444444451,-100.00000000002274
ATM_U1S10_0S_H10_CD30__IMPULSE_DENSITY_ACTIVE,depth_regime,low_depth,21,14825.00000000003,0.5238095238095238,3.420408163265314,705.9523809523823,0.2857142857142857,2.1833333333333362,-0.5833333333333327,425.00000000001137
ATM_U1S10_0S_H10_CD30__IMPULSE_DENSITY_ACTIVE,spread_regime,wide_spread,19,12699.999999999993,0.47368421052631576,4.762962962962961,668.4210526315786,0.3157894736842105,1.8052631578947362,-0.35526315789473695,199.99999999998863
ATM_U1S10_0S_H10_CD30__IMPULSE_DENSITY_ACTIVE,spread_regime,tight_spread,28,7325.000000000004,0.39285714285714285,1.6091476091476091,261.607142857143,0.21428571428571427,1.619642857142859,-0.8589285714285724,-100.00000000002274
ATM_U1S10_0S_H10_CD30__IMPULSE_DENSITY_ACTIVE,depth_regime,high_depth,26,5199.999999999969,0.34615384615384615,1.560646900269537,199.9999999999988,0.23076923076923078,1.2999999999999994,-0.7134615384615401,-100.00000000002274
ATM_U1S10_0S_H10_CD30__IMPULSE_DENSITY_ACTIVE,vol_regime,low_vol,2,3275.0000000000055,1.0,inf,1637.5000000000027,0.5,3.2750000000000057,0.0,3275.0000000000055
ATM_U1S10_0S_H10_CD30__IMPULSE_DENSITY_ACTIVE,trend_regime,choppy,21,2574.9999999999936,0.38095238095238093,1.3179012345678998,122.61904761904732,0.14285714285714285,1.2357142857142869,-0.7714285714285728,-100.00000000002274
ATM_U1S10_0S_H10_CD30__MIDDAY_ONLY,impulse_density_regime,active,18,7699.9999999999945,0.3888888888888889,2.0807017543859656,427.7777777777775,0.3333333333333333,1.7638888888888882,-0.7916666666666659,-375.0
ATM_U1S10_0S_H10_CD30__MIDDAY_ONLY,vol_regime,high_vol,18,7699.9999999999945,0.3888888888888889,2.0807017543859656,427.7777777777775,0.3333333333333333,1.7638888888888882,-0.7916666666666659,-375.0
ATM_U1S10_0S_H10_CD30__MIDDAY_ONLY,trend_regime,trending,8,6649.9999999999845,0.5,3.6599999999999873,831.2499999999981,0.5,2.287499999999998,-0.6250000000000018,-375.0
ATM_U1S10_0S_H10_CD30__MIDDAY_ONLY,spread_regime,wide_spread,4,5025.0000000000055,0.5,4.40677966101695,1256.2500000000014,0.5,3.3750000000000036,-0.7375000000000007,5025.0000000000055
ATM_U1S10_0S_H10_CD30__MIDDAY_ONLY,depth_regime,low_depth,11,4475.000000000009,0.36363636363636365,2.2013422818792012,406.81818181818267,0.2727272727272727,1.631818181818182,-0.6772727272727249,-375.0
ATM_U1S10_0S_H10_CD30__MIDDAY_ONLY,depth_regime,high_depth,7,3224.9999999999873,0.42857142857142855,1.9485294117647005,460.7142857142839,0.42857142857142855,1.971428571428569,-0.9714285714285731,1399.9999999999986
ATM_U1S10_0S_H10_CD30__MIDDAY_ONLY,spread_regime,tight_spread,14,2674.999999999991,0.35714285714285715,1.4734513274336272,191.07142857142793,0.2857142857142857,1.3035714285714266,-0.8071428571428559,-375.0
ATM_U1S10_0S_H10_CD30__MIDDAY_ONLY,trend_regime,choppy,10,1050.0000000000114,0.3,1.2270270270270303,105.00000000000114,0.2,1.3450000000000002,-0.9249999999999972,1050.0000000000114
ATM_U1S10_0S_H10_CD30__NO_MORNING_WEAK,impulse_density_regime,active,44,21249.99999999999,0.45454545454545453,2.4991181657848296,482.9545454545452,0.2727272727272727,1.7954545454545465,-0.6443181818181827,-100.00000000002274
ATM_U1S10_0S_H10_CD30__NO_MORNING_WEAK,vol_regime,high_vol,42,17974.99999999998,0.42857142857142855,2.2680776014109316,427.97619047619,0.2619047619047619,1.7250000000000003,-0.6750000000000009,-100.00000000002274
ATM_U1S10_0S_H10_CD30__NO_MORNING_WEAK,trend_regime,trending,25,17924.999999999996,0.48,3.626373626373624,716.9999999999999,0.36,2.1220000000000003,-0.5460000000000004,-375.0
ATM_U1S10_0S_H10_CD30__NO_MORNING_WEAK,depth_regime,low_depth,19,15575.00000000003,0.5789473684210527,3.8976744186046606,819.7368421052647,0.3157894736842105,2.413157894736845,-0.5657894736842097,425.00000000001137
ATM_U1S10_0S_H10_CD30__NO_MORNING_WEAK,spread_regime,wide_spread,19,12699.999999999993,0.47368421052631576,4.762962962962961,668.4210526315786,0.3157894736842105,1.8052631578947362,-0.35526315789473695,199.99999999998863
ATM_U1S10_0S_H10_CD30__NO_MORNING_WEAK,spread_regime,tight_spread,25,8549.999999999998,0.44,1.7916666666666654,341.99999999999994,0.24,1.7880000000000018,-0.8640000000000014,-100.00000000002274
ATM_U1S10_0S_H10_CD30__NO_MORNING_WEAK,depth_regime,high_depth,25,5674.999999999964,0.36,1.6448863636363575,226.99999999999855,0.24,1.3259999999999992,-0.7040000000000021,-100.00000000002274
ATM_U1S10_0S_H10_CD30__NO_MORNING_WEAK,trend_regime,choppy,19,3324.9999999999936,0.42105263157894735,1.4523809523809506,174.99999999999966,0.15789473684210525,1.3657894736842118,-0.7736842105263172,-100.00000000002274
ATM_U1S10_0S_H10_CD30__NO_MORNING_WEAK,vol_regime,low_vol,2,3275.0000000000055,1.0,inf,1637.5000000000027,0.5,3.2750000000000057,0.0,3275.0000000000055
ATM_U1S10_0S_H10_CD30__TRENDING_ACTIVE,impulse_density_regime,active,26,17450.000000000004,0.46153846153846156,3.3904109589041105,671.1538461538463,0.34615384615384615,2.065384615384616,-0.5615384615384615,-375.0
ATM_U1S10_0S_H10_CD30__TRENDING_ACTIVE,trend_regime,trending,26,17450.000000000004,0.46153846153846156,3.3904109589041105,671.1538461538463,0.34615384615384615,2.065384615384616,-0.5615384615384615,-375.0
ATM_U1S10_0S_H10_CD30__TRENDING_ACTIVE,vol_regime,high_vol,25,15075.000000000004,0.44,3.0650684931506857,603.0000000000001,0.32,1.9580000000000006,-0.584,-375.0
ATM_U1S10_0S_H10_CD30__TRENDING_ACTIVE,depth_regime,low_depth,8,12725.000000000002,0.625,9.209677419354819,1590.6250000000002,0.5,3.587500000000002,-0.38750000000000107,-375.0
ATM_U1S10_0S_H10_CD30__TRENDING_ACTIVE,spread_regime,wide_spread,13,8750.0,0.46153846153846156,6.833333333333324,673.0769230769231,0.3076923076923077,1.6846153846153853,-0.23076923076923112,8750.0
ATM_U1S10_0S_H10_CD30__TRENDING_ACTIVE,spread_regime,tight_spread,13,8700.000000000004,0.46153846153846156,2.5000000000000013,669.2307692307695,0.38461538461538464,2.4461538461538472,-0.8923076923076919,-375.0
ATM_U1S10_0S_H10_CD30__TRENDING_ACTIVE,depth_regime,high_depth,18,4725.000000000002,0.3888888888888889,1.8217391304347836,262.5000000000001,0.2777777777777778,1.3888888888888888,-0.6388888888888883,1824.9999999999886
ATM_U1S10_0S_H10_CD30__TRENDING_ACTIVE,vol_regime,low_vol,1,2375.0,1.0,inf,2375.0,1.0,4.75,0.0,2375.0
ATM_U1S10_0S_H10_CD60,impulse_density_regime,active,39,14924.99999999999,0.4358974358974359,2.143678160919538,382.69230769230745,0.28205128205128205,1.656410256410257,-0.6692307692307699,-100.00000000002274
ATM_U1S10_0S_H10_CD60,spread_regime,wide_spread,16,12324.999999999987,0.5,4.651851851851846,770.3124999999992,0.375,2.096874999999999,-0.4218750000000002,199.99999999998863
ATM_U1S10_0S_H10_CD60,vol_regime,high_vol,37,11649.999999999987,0.40540540540540543,1.8927203065134082,314.8648648648645,0.2702702702702703,1.568918918918919,-0.7054054054054061,-100.00000000002274
ATM_U1S10_0S_H10_CD60,depth_regime,low_depth,19,11050.000000000024,0.5263157894736842,2.857142857142863,581.5789473684223,0.3157894736842105,1.9894736842105287,-0.6263157894736837,425.00000000001137
ATM_U1S10_0S_H10_CD60,trend_regime,trending,20,11000.000000000004,0.45,2.7322834645669305,550.0000000000002,0.4,1.9375000000000004,-0.6349999999999998,-375.0
ATM_U1S10_0S_H10_CD60,trend_regime,choppy,19,3924.999999999988,0.42105263157894735,1.5858208955223847,206.57894736842044,0.15789473684210525,1.3605263157894745,-0.7052631578947385,-100.00000000002274
ATM_U1S10_0S_H10_CD60,depth_regime,high_depth,20,3874.9999999999677,0.35,1.5457746478873182,193.74999999999838,0.25,1.3399999999999985,-0.7100000000000017,-100.00000000002274
ATM_U1S10_0S_H10_CD60,vol_regime,low_vol,2,3275.0000000000055,1.0,inf,1637.5000000000027,0.5,3.2750000000000057,0.0,3275.0000000000055
ATM_U1S10_0S_H10_CD60,spread_regime,tight_spread,23,2600.0000000000014,0.391304347826087,1.268733850129199,113.04347826086962,0.21739130434782608,1.3500000000000016,-0.841304347826088,-100.00000000002274
ATM_U1S10_0S_H5_CD30,impulse_density_regime,active,47,24374.99999999999,0.44680851063829785,3.087794432548175,518.6170212765956,0.2553191489361702,1.6946808510638305,-0.5085106382978734,-100.00000000002274
ATM_U1S10_0S_H5_CD30,vol_regime,high_vol,45,21099.99999999998,0.4222222222222222,2.8072805139186245,468.88888888888846,0.24444444444444444,1.624444444444445,-0.5311111111111123,-100.00000000002274
ATM_U1S10_0S_H5_CD30,trend_regime,trending,26,20250.0,0.5,4.951219512195121,778.8461538461538,0.34615384615384615,2.065384615384616,-0.41538461538461596,-375.0
ATM_U1S10_0S_H5_CD30,depth_regime,low_depth,21,16375.000000000027,0.5238095238095238,4.579234972677604,779.7619047619061,0.2857142857142857,2.1833333333333362,-0.43571428571428533,425.00000000001137
ATM_U1S10_0S_H5_CD30,spread_regime,wide_spread,19,12699.999999999993,0.47368421052631576,4.762962962962961,668.4210526315786,0.3157894736842105,1.8052631578947362,-0.35526315789473695,199.99999999998863
ATM_U1S10_0S_H5_CD30,spread_regime,tight_spread,28,11674.999999999998,0.42857142857142855,2.4066265060240934,416.96428571428567,0.21428571428571427,1.619642857142859,-0.6125000000000017,-100.00000000002274
ATM_U1S10_0S_H5_CD30,depth_regime,high_depth,26,7999.999999999965,0.38461538461538464,2.1267605633802735,307.6923076923064,0.23076923076923078,1.2999999999999994,-0.5673076923076945,-100.00000000002274
ATM_U1S10_0S_H5_CD30,trend_regime,choppy,21,4124.999999999991,0.38095238095238093,1.6297709923664088,196.428571428571,0.14285714285714285,1.2357142857142869,-0.6238095238095254,-100.00000000002274
ATM_U1S10_0S_H5_CD30,vol_regime,low_vol,2,3275.0000000000055,1.0,inf,1637.5000000000027,0.5,3.2750000000000057,0.0,3275.0000000000055
ATM_U1S10_0S_H5_CD30__ACTIVE_WINDOW,impulse_density_regime,active,37,24874.999999999993,0.4864864864864865,3.538265306122447,672.2972972972971,0.32432432432432434,2.032432432432432,-0.544594594594595,-175.00000000001137
ATM_U1S10_0S_H5_CD30__ACTIVE_WINDOW,vol_regime,high_vol,35,21599.999999999985,0.45714285714285713,3.204081632653059,617.1428571428568,0.3142857142857143,1.961428571428571,-0.5757142857142862,-175.00000000001137
ATM_U1S10_0S_H5_CD30__ACTIVE_WINDOW,trend_regime,trending,20,20699.99999999999,0.55,6.048780487804865,1034.9999999999995,0.45,2.5425,-0.4375000000000015,-375.0
ATM_U1S10_0S_H5_CD30__ACTIVE_WINDOW,depth_regime,low_depth,17,16000.000000000011,0.5294117647058824,5.18300653594772,941.1764705882359,0.35294117647058826,2.555882352941178,-0.4499999999999995,-375.0
ATM_U1S10_0S_H5_CD30__ACTIVE_WINDOW,spread_regime,wide_spread,16,12724.999999999993,0.5,5.104838709677416,795.3124999999995,0.375,2.0562499999999995,-0.3875000000000001,199.99999999998863
ATM_U1S10_0S_H5_CD30__ACTIVE_WINDOW,spread_regime,tight_spread,21,12149.999999999998,0.47619047619047616,2.8134328358208944,578.5714285714284,0.2857142857142857,2.0142857142857147,-0.6642857142857151,-375.0
ATM_U1S10_0S_H5_CD30__ACTIVE_WINDOW,depth_regime,high_depth,20,8874.999999999982,0.45,2.48535564853556,443.7499999999991,0.3,1.587499999999999,-0.6250000000000014,199.99999999998863
ATM_U1S10_0S_H5_CD30__ACTIVE_WINDOW,trend_regime,choppy,17,4175.000000000003,0.4117647058823529,1.7324561403508785,245.5882352941178,0.17647058823529413,1.4323529411764706,-0.6705882352941169,199.99999999998863
ATM_U1S10_0S_H5_CD30__ACTIVE_WINDOW,vol_regime,low_vol,2,3275.0000000000055,1.0,inf,1637.5000000000027,0.5,3.2750000000000057,0.0,3275.0000000000055
ATM_U1S10_0S_H5_CD30__AVOID_OPEN,impulse_density_regime,active,46,24899.999999999993,0.45652173913043476,3.2331838565022384,541.3043478260868,0.2608695652173913,1.7315217391304356,-0.4967391304347835,-100.00000000002274
ATM_U1S10_0S_H5_CD30__AVOID_OPEN,vol_regime,high_vol,44,21624.99999999999,0.4318181818181818,2.939461883408068,491.47727272727246,0.25,1.6613636363636373,-0.5193181818181828,-100.00000000002274
ATM_U1S10_0S_H5_CD30__AVOID_OPEN,trend_regime,trending,26,20250.0,0.5,4.951219512195121,778.8461538461538,0.34615384615384615,2.065384615384616,-0.41538461538461596,-375.0
ATM_U1S10_0S_H5_CD30__AVOID_OPEN,depth_regime,low_depth,20,16900.000000000033,0.55,5.172839506172858,845.0000000000016,0.3,2.292500000000003,-0.404999999999999,425.00000000001137
ATM_U1S10_0S_H5_CD30__AVOID_OPEN,spread_regime,wide_spread,19,12699.999999999993,0.47368421052631576,4.762962962962961,668.4210526315786,0.3157894736842105,1.8052631578947362,-0.35526315789473695,199.99999999998863
ATM_U1S10_0S_H5_CD30__AVOID_OPEN,spread_regime,tight_spread,27,12200.000000000005,0.4444444444444444,2.5691318327974257,451.8518518518521,0.2222222222222222,1.6796296296296316,-0.5962962962962977,-100.00000000002274
ATM_U1S10_0S_H5_CD30__AVOID_OPEN,depth_regime,high_depth,26,7999.999999999965,0.38461538461538464,2.1267605633802735,307.6923076923064,0.23076923076923078,1.2999999999999994,-0.5673076923076945,-100.00000000002274
ATM_U1S10_0S_H5_CD30__AVOID_OPEN,trend_regime,choppy,20,4649.999999999997,0.4,1.7717842323651432,232.49999999999986,0.15,1.2975000000000012,-0.6025000000000011,-100.00000000002274
ATM_U1S10_0S_H5_CD30__AVOID_OPEN,vol_regime,low_vol,2,3275.0000000000055,1.0,inf,1637.5000000000027,0.5,3.2750000000000057,0.0,3275.0000000000055
ATM_U1S10_0S_H5_CD30__CHOPPY_ACTIVE,impulse_density_regime,active,21,4124.999999999991,0.38095238095238093,1.6297709923664088,196.428571428571,0.14285714285714285,1.2357142857142869,-0.6238095238095254,-100.00000000002274
ATM_U1S10_0S_H5_CD30__CHOPPY_ACTIVE,trend_regime,choppy,21,4124.999999999991,0.38095238095238093,1.6297709923664088,196.428571428571,0.14285714285714285,1.2357142857142869,-0.6238095238095254,-100.00000000002274
ATM_U1S10_0S_H5_CD30__CHOPPY_ACTIVE,spread_regime,wide_spread,6,3949.9999999999936,0.5,3.1066666666666647,658.3333333333322,0.3333333333333333,2.066666666666664,-0.6249999999999996,199.99999999998863
ATM_U1S10_0S_H5_CD30__CHOPPY_ACTIVE,depth_regime,low_depth,13,3650.0000000000236,0.46153846153846156,2.2066115702479445,280.7692307692326,0.15384615384615385,1.3192307692307723,-0.46538461538461406,800.0000000000114
ATM_U1S10_0S_H5_CD30__CHOPPY_ACTIVE,vol_regime,high_vol,20,3224.9999999999854,0.35,1.4923664122137368,161.24999999999926,0.15,1.2075000000000007,-0.6550000000000017,-100.00000000002274
ATM_U1S10_0S_H5_CD30__CHOPPY_ACTIVE,vol_regime,low_vol,1,900.0000000000057,1.0,inf,900.0000000000057,0.0,1.8000000000000114,0.0,900.0000000000057
ATM_U1S10_0S_H5_CD30__CHOPPY_ACTIVE,depth_regime,high_depth,8,474.99999999996726,0.25,1.134751773049635,59.37499999999591,0.125,1.0999999999999979,-0.8812500000000064,-100.00000000002274
ATM_U1S10_0S_H5_CD30__CHOPPY_ACTIVE,spread_regime,tight_spread,15,174.99999999999727,0.3333333333333333,1.0374331550802132,11.666666666666485,0.06666666666666667,0.903333333333336,-0.6233333333333358,-524.9999999999912
ATM_U1S10_0S_H5_CD30__HIGH_VOL_ONLY,impulse_density_regime,active,45,21099.99999999998,0.4222222222222222,2.8072805139186245,468.88888888888846,0.24444444444444444,1.624444444444445,-0.5311111111111123,-100.00000000002274
ATM_U1S10_0S_H5_CD30__HIGH_VOL_ONLY,vol_regime,high_vol,45,21099.99999999998,0.4222222222222222,2.8072805139186245,468.88888888888846,0.24444444444444444,1.624444444444445,-0.5311111111111123,-100.00000000002274
ATM_U1S10_0S_H5_CD30__HIGH_VOL_ONLY,trend_regime,trending,25,17875.000000000004,0.48,4.48780487804878,715.0000000000001,0.32,1.9580000000000006,-0.4320000000000006,-375.0
ATM_U1S10_0S_H5_CD30__HIGH_VOL_ONLY,depth_regime,low_depth,20,15475.000000000022,0.5,4.382513661202193,773.7500000000011,0.3,2.2025000000000023,-0.4574999999999996,425.00000000001137
ATM_U1S10_0S_H5_CD30__HIGH_VOL_ONLY,spread_regime,tight_spread,27,10774.999999999993,0.4074074074074074,2.2981927710843335,399.0740740740738,0.2222222222222222,1.6129629629629645,-0.635185185185187,-100.00000000002274
ATM_U1S10_0S_H5_CD30__HIGH_VOL_ONLY,spread_regime,wide_spread,18,10324.999999999993,0.4444444444444444,4.059259259259257,573.6111111111107,0.2777777777777778,1.6416666666666662,-0.3750000000000001,199.99999999998863
ATM_U1S10_0S_H5_CD30__HIGH_VOL_ONLY,depth_regime,high_depth,25,5624.999999999965,0.36,1.7922535211267532,224.9999999999986,0.2,1.1619999999999993,-0.5900000000000023,-100.00000000002274
ATM_U1S10_0S_H5_CD30__HIGH_VOL_ONLY,trend_regime,choppy,20,3224.9999999999854,0.35,1.4923664122137368,161.24999999999926,0.15,1.2075000000000007,-0.6550000000000017,-100.00000000002274
ATM_U1S10_0S_H5_CD30__IMPULSE_DENSITY_ACTIVE,impulse_density_regime,active,47,24374.99999999999,0.44680851063829785,3.087794432548175,518.6170212765956,0.2553191489361702,1.6946808510638305,-0.5085106382978734,-100.00000000002274
ATM_U1S10_0S_H5_CD30__IMPULSE_DENSITY_ACTIVE,vol_regime,high_vol,45,21099.99999999998,0.4222222222222222,2.8072805139186245,468.88888888888846,0.24444444444444444,1.624444444444445,-0.5311111111111123,-100.00000000002274
ATM_U1S10_0S_H5_CD30__IMPULSE_DENSITY_ACTIVE,trend_regime,trending,26,20250.0,0.5,4.951219512195121,778.8461538461538,0.34615384615384615,2.065384615384616,-0.41538461538461596,-375.0
ATM_U1S10_0S_H5_CD30__IMPULSE_DENSITY_ACTIVE,depth_regime,low_depth,21,16375.000000000027,0.5238095238095238,4.579234972677604,779.7619047619061,0.2857142857142857,2.1833333333333362,-0.43571428571428533,425.00000000001137
ATM_U1S10_0S_H5_CD30__IMPULSE_DENSITY_ACTIVE,spread_regime,wide_spread,19,12699.999999999993,0.47368421052631576,4.762962962962961,668.4210526315786,0.3157894736842105,1.8052631578947362,-0.35526315789473695,199.99999999998863
ATM_U1S10_0S_H5_CD30__IMPULSE_DENSITY_ACTIVE,spread_regime,tight_spread,28,11674.999999999998,0.42857142857142855,2.4066265060240934,416.96428571428567,0.21428571428571427,1.619642857142859,-0.6125000000000017,-100.00000000002274
ATM_U1S10_0S_H5_CD30__IMPULSE_DENSITY_ACTIVE,depth_regime,high_depth,26,7999.999999999965,0.38461538461538464,2.1267605633802735,307.6923076923064,0.23076923076923078,1.2999999999999994,-0.5673076923076945,-100.00000000002274
ATM_U1S10_0S_H5_CD30__IMPULSE_DENSITY_ACTIVE,trend_regime,choppy,21,4124.999999999991,0.38095238095238093,1.6297709923664088,196.428571428571,0.14285714285714285,1.2357142857142869,-0.6238095238095254,-100.00000000002274
ATM_U1S10_0S_H5_CD30__IMPULSE_DENSITY_ACTIVE,vol_regime,low_vol,2,3275.0000000000055,1.0,inf,1637.5000000000027,0.5,3.2750000000000057,0.0,3275.0000000000055
ATM_U1S10_0S_H5_CD30__MIDDAY_ONLY,impulse_density_regime,active,18,7699.9999999999945,0.3888888888888889,2.0807017543859656,427.7777777777775,0.3333333333333333,1.7638888888888882,-0.7916666666666659,-375.0
ATM_U1S10_0S_H5_CD30__MIDDAY_ONLY,vol_regime,high_vol,18,7699.9999999999945,0.3888888888888889,2.0807017543859656,427.7777777777775,0.3333333333333333,1.7638888888888882,-0.7916666666666659,-375.0
ATM_U1S10_0S_H5_CD30__MIDDAY_ONLY,trend_regime,trending,8,6649.9999999999845,0.5,3.6599999999999873,831.2499999999981,0.5,2.287499999999998,-0.6250000000000018,-375.0
ATM_U1S10_0S_H5_CD30__MIDDAY_ONLY,spread_regime,wide_spread,4,5025.0000000000055,0.5,4.40677966101695,1256.2500000000014,0.5,3.3750000000000036,-0.7375000000000007,5025.0000000000055
ATM_U1S10_0S_H5_CD30__MIDDAY_ONLY,depth_regime,low_depth,11,4475.000000000009,0.36363636363636365,2.2013422818792012,406.81818181818267,0.2727272727272727,1.631818181818182,-0.6772727272727249,-375.0
ATM_U1S10_0S_H5_CD30__MIDDAY_ONLY,depth_regime,high_depth,7,3224.9999999999873,0.42857142857142855,1.9485294117647005,460.7142857142839,0.42857142857142855,1.971428571428569,-0.9714285714285731,1399.9999999999986
ATM_U1S10_0S_H5_CD30__MIDDAY_ONLY,spread_regime,tight_spread,14,2674.999999999991,0.35714285714285715,1.4734513274336272,191.07142857142793,0.2857142857142857,1.3035714285714266,-0.8071428571428559,-375.0
ATM_U1S10_0S_H5_CD30__MIDDAY_ONLY,trend_regime,choppy,10,1050.0000000000114,0.3,1.2270270270270303,105.00000000000114,0.2,1.3450000000000002,-0.9249999999999972,1050.0000000000114
ATM_U1S10_0S_H5_CD30__NO_MORNING_WEAK,impulse_density_regime,active,44,25599.99999999998,0.4772727272727273,3.449760765550232,581.8181818181814,0.2727272727272727,1.7954545454545465,-0.48750000000000143,-100.00000000002274
ATM_U1S10_0S_H5_CD30__NO_MORNING_WEAK,vol_regime,high_vol,42,22324.999999999978,0.4523809523809524,3.136363636363629,531.5476190476186,0.2619047619047619,1.7250000000000003,-0.5107142857142871,-100.00000000002274
ATM_U1S10_0S_H5_CD30__NO_MORNING_WEAK,trend_regime,trending,25,20724.999999999996,0.52,5.45698924731182,828.9999999999999,0.36,2.1220000000000003,-0.39400000000000107,-375.0
ATM_U1S10_0S_H5_CD30__NO_MORNING_WEAK,depth_regime,low_depth,19,17125.000000000025,0.5789473684210527,5.477124183006548,901.3157894736855,0.3157894736842105,2.413157894736845,-0.40263157894736795,425.00000000001137
ATM_U1S10_0S_H5_CD30__NO_MORNING_WEAK,spread_regime,tight_spread,25,12899.999999999995,0.48,2.823321554770311,515.9999999999998,0.24,1.7880000000000018,-0.5880000000000024,-100.00000000002274
ATM_U1S10_0S_H5_CD30__NO_MORNING_WEAK,spread_regime,wide_spread,19,12699.999999999993,0.47368421052631576,4.762962962962961,668.4210526315786,0.3157894736842105,1.8052631578947362,-0.35526315789473695,199.99999999998863
ATM_U1S10_0S_H5_CD30__NO_MORNING_WEAK,depth_regime,high_depth,25,8474.999999999962,0.4,2.2792452830188563,338.99999999999847,0.24,1.3259999999999992,-0.5520000000000028,-100.00000000002274
ATM_U1S10_0S_H5_CD30__NO_MORNING_WEAK,trend_regime,choppy,19,4874.999999999992,0.42105263157894735,1.8405172413793065,256.57894736842064,0.15789473684210525,1.3657894736842118,-0.6105263157894755,-100.00000000002274
ATM_U1S10_0S_H5_CD30__NO_MORNING_WEAK,vol_regime,low_vol,2,3275.0000000000055,1.0,inf,1637.5000000000027,0.5,3.2750000000000057,0.0,3275.0000000000055
ATM_U1S10_0S_H5_CD30__TRENDING_ACTIVE,impulse_density_regime,active,26,20250.0,0.5,4.951219512195121,778.8461538461538,0.34615384615384615,2.065384615384616,-0.41538461538461596,-375.0
ATM_U1S10_0S_H5_CD30__TRENDING_ACTIVE,trend_regime,trending,26,20250.0,0.5,4.951219512195121,778.8461538461538,0.34615384615384615,2.065384615384616,-0.41538461538461596,-375.0
ATM_U1S10_0S_H5_CD30__TRENDING_ACTIVE,vol_regime,high_vol,25,17875.000000000004,0.48,4.48780487804878,715.0000000000001,0.32,1.9580000000000006,-0.4320000000000006,-375.0
ATM_U1S10_0S_H5_CD30__TRENDING_ACTIVE,depth_regime,low_depth,8,12725.000000000002,0.625,9.209677419354819,1590.6250000000002,0.5,3.587500000000002,-0.38750000000000107,-375.0
ATM_U1S10_0S_H5_CD30__TRENDING_ACTIVE,spread_regime,tight_spread,13,11500.000000000002,0.5384615384615384,4.172413793103448,884.6153846153848,0.38461538461538464,2.4461538461538472,-0.6000000000000009,-375.0
ATM_U1S10_0S_H5_CD30__TRENDING_ACTIVE,spread_regime,wide_spread,13,8750.0,0.46153846153846156,6.833333333333324,673.0769230769231,0.3076923076923077,1.6846153846153853,-0.23076923076923112,8750.0
ATM_U1S10_0S_H5_CD30__TRENDING_ACTIVE,depth_regime,high_depth,18,7525.0,0.4444444444444444,3.1048951048951055,418.05555555555554,0.2777777777777778,1.3888888888888888,-0.4277777777777782,1824.9999999999886
ATM_U1S10_0S_H5_CD30__TRENDING_ACTIVE,vol_regime,low_vol,1,2375.0,1.0,inf,2375.0,1.0,4.75,0.0,2375.0
ATM_U1S10_0S_H5_CD60,impulse_density_regime,active,39,19274.999999999985,0.46153846153846156,3.0670241286863216,494.2307692307689,0.28205128205128205,1.656410256410257,-0.49230769230769356,-100.00000000002274
ATM_U1S10_0S_H5_CD60,vol_regime,high_vol,37,15999.99999999998,0.43243243243243246,2.7158176943699677,432.4324324324319,0.2702702702702703,1.568918918918919,-0.5189189189189203,-100.00000000002274
ATM_U1S10_0S_H5_CD60,trend_regime,trending,20,13800.000000000002,0.5,4.3053892215568865,690.0000000000001,0.4,1.9375000000000004,-0.4450000000000006,-375.0
ATM_U1S10_0S_H5_CD60,depth_regime,low_depth,19,12600.00000000002,0.5263157894736842,3.8636363636363695,663.1578947368431,0.3157894736842105,1.9894736842105287,-0.46315789473684194,425.00000000001137
ATM_U1S10_0S_H5_CD60,spread_regime,wide_spread,16,12324.999999999987,0.5,4.651851851851846,770.3124999999992,0.375,2.096874999999999,-0.4218750000000002,199.99999999998863
ATM_U1S10_0S_H5_CD60,spread_regime,tight_spread,23,6949.999999999996,0.43478260869565216,2.1680672268907526,302.1739130434781,0.21739130434782608,1.3500000000000016,-0.5413043478260889,-100.00000000002274
ATM_U1S10_0S_H5_CD60,depth_regime,high_depth,20,6674.999999999965,0.4,2.355329949238566,333.7499999999983,0.25,1.3399999999999985,-0.5200000000000026,-100.00000000002274
ATM_U1S10_0S_H5_CD60,trend_regime,choppy,19,5474.999999999985,0.42105263157894735,2.0631067961164984,288.15789473684134,0.15789473684210525,1.3605263157894745,-0.5421052631578966,-100.00000000002274
ATM_U1S10_0S_H5_CD60,vol_regime,low_vol,2,3275.0000000000055,1.0,inf,1637.5000000000027,0.5,3.2750000000000057,0.0,3275.0000000000055
ATM_U1S10_1S_H10_CD30,spread_regime,wide_spread,20,7325.000000000046,0.3,2.993197278911573,366.25000000000233,0.25,1.1575000000000053,-0.3675000000000007,-275.0000000000057
ATM_U1S10_1S_H10_CD30,trend_regime,trending,27,5150.000000000094,0.2962962962962963,1.6936026936027089,190.7407407407442,0.2222222222222222,1.131481481481485,-0.5611111111111087,-774.9999999999773
ATM_U1S10_1S_H10_CD30,vol_regime,high_vol,35,4725.0000000001155,0.3142857142857143,1.4021276595744794,135.0000000000033,0.2,1.1100000000000037,-0.6799999999999977,-2599.999999999966
ATM_U1S10_1S_H10_CD30,depth_regime,low_depth,23,4725.0000000000955,0.391304347826087,1.4748743718593071,205.4347826086998,0.2608695652173913,1.4978260869565267,-0.8782608695652152,-1824.9999999999886
ATM_U1S10_1S_H10_CD30,impulse_density_regime,active,37,3650.0000000001187,0.2972972972972973,1.2846003898635578,98.64864864865186,0.1891891891891892,1.0500000000000036,-0.701351351351349,-2599.999999999966
ATM_U1S10_1S_H10_CD30,impulse_density_regime,inactive,1,-324.99999999998863,0.0,0.0,-324.99999999998863,0.0,0.0,-0.6499999999999773,-324.99999999998863
ATM_U1S10_1S_H10_CD30,depth_regime,high_depth,15,-1399.9999999999648,0.13333333333333333,0.5625000000000067,-93.33333333333098,0.06666666666666667,0.29333333333333395,-0.42666666666666253,-1099.999999999966
ATM_U1S10_1S_H10_CD30,vol_regime,low_vol,3,-1399.9999999999843,0.0,0.0,-466.66666666666146,0.0,0.0,-0.9333333333333229,-1074.9999999999957
ATM_U1S10_1S_H10_CD30,trend_regime,choppy,11,-1824.9999999999625,0.2727272727272727,0.6812227074235858,-165.9090909090875,0.09090909090909091,0.7545454545454569,-1.0409090909090866,-2149.9999999999773
ATM_U1S10_1S_H10_CD30,spread_regime,tight_spread,18,-3999.999999999916,0.2777777777777778,0.5778364116095048,-222.22222222221754,0.1111111111111111,0.8722222222222231,-1.0694444444444373,-2924.9999999999545
ATM_U1S10_1S_NOT_EXHAUSTED_H10_CD30,trend_regime,trending,24,3775.0000000000373,0.2916666666666667,1.5613382899628323,157.29166666666822,0.20833333333333334,1.1000000000000003,-0.5729166666666649,-349.9999999999943
ATM_U1S10_1S_NOT_EXHAUSTED_H10_CD30,spread_regime,wide_spread,17,3250.000000000007,0.23529411764705882,1.9558823529411782,191.1764705882357,0.17647058823529413,0.8500000000000011,-0.4000000000000002,0.0
ATM_U1S10_1S_NOT_EXHAUSTED_H10_CD30,vol_regime,high_vol,31,1075.0000000000603,0.2903225806451613,1.0972850678733088,34.67741935484065,0.16129032258064516,0.9725806451612914,-0.7225806451612884,-2174.999999999983
ATM_U1S10_1S_NOT_EXHAUSTED_H10_CD30,depth_regime,low_depth,20,650.0000000000572,0.35,1.067183462532306,32.500000000002856,0.2,1.2875000000000014,-0.9824999999999969,-1824.9999999999886
ATM_U1S10_1S_NOT_EXHAUSTED_H10_CD30,impulse_density_regime,active,33,6.428990673157386e-11,0.2727272727272727,1.000000000000005,1.9481789918658747e-12,0.15151515151515152,0.9136363636363647,-0.7439393939393919,-2174.999999999983
ATM_U1S10_1S_NOT_EXHAUSTED_H10_CD30,impulse_density_regime,inactive,1,-324.99999999998863,0.0,0.0,-324.99999999998863,0.0,0.0,-0.6499999999999773,-324.99999999998863
ATM_U1S10_1S_NOT_EXHAUSTED_H10_CD30,depth_regime,high_depth,14,-974.9999999999818,0.14285714285714285,0.6486486486486533,-69.64285714285585,0.07142857142857142,0.31428571428571495,-0.39642857142856947,-674.999999999983
ATM_U1S10_1S_NOT_EXHAUSTED_H10_CD30,vol_regime,low_vol,3,-1399.9999999999843,0.0,0.0,-466.66666666666146,0.0,0.0,-0.9333333333333229,-1074.9999999999957
ATM_U1S10_1S_NOT_EXHAUSTED_H10_CD30,spread_regime,tight_spread,17,-3574.9999999999327,0.29411764705882354,0.6049723756906132,-210.29411764705486,0.11764705882352941,0.9235294117647069,-1.082352941176465,-2499.9999999999714
ATM_U1S10_1S_NOT_EXHAUSTED_H10_CD30,trend_regime,choppy,10,-4099.999999999961,0.2,0.283842794759829,-409.9999999999961,0.0,0.37500000000000283,-1.1449999999999951,-2149.9999999999773
ATM_U2S20_0S_H10_CD30,spread_regime,wide_spread,11,11050.000000000033,0.6363636363636364,8.620689655172404,1004.5454545454576,0.45454545454545453,2.290909090909098,-0.2636363636363648,-275.0000000000057
ATM_U2S20_0S_H10_CD30,impulse_density_regime,active,22,8400.000000000047,0.4090909090909091,2.322834645669297,381.818181818184,0.2727272727272727,1.4772727272727322,-0.577272727272728,-275.0000000000057
ATM_U2S20_0S_H10_CD30,vol_regime,high_vol,22,8400.000000000047,0.4090909090909091,2.322834645669297,381.818181818184,0.2727272727272727,1.4772727272727322,-0.577272727272728,-275.0000000000057
ATM_U2S20_0S_H10_CD30,depth_regime,low_depth,10,5675.00000000005,0.5,2.801587301587316,567.500000000005,0.4,1.9900000000000104,-0.6300000000000004,-275.0000000000057
ATM_U2S20_0S_H10_CD30,trend_regime,trending,13,4725.000000000076,0.38461538461538464,2.5241935483871316,363.46153846154436,0.3076923076923077,1.219230769230778,-0.47692307692307384,-424.99999999998295
ATM_U2S20_0S_H10_CD30,trend_regime,choppy,9,3674.9999999999686,0.4444444444444444,2.130769230769211,408.33333333332985,0.2222222222222222,1.849999999999999,-0.7222222222222285,-100.00000000002274
ATM_U2S20_0S_H10_CD30,depth_regime,high_depth,12,2724.999999999994,0.3333333333333333,1.851562499999997,227.08333333333283,0.16666666666666666,1.05,-0.5333333333333344,-100.00000000002274
ATM_U2S20_0S_H10_CD30,spread_regime,tight_spread,11,-2649.999999999988,0.18181818181818182,0.45918367346939054,-240.90909090908983,0.09090909090909091,0.6636363636363659,-0.8909090909090913,-2124.9999999999823
ATM_U2S20_0S_H10_CD30__ACTIVE_WINDOW,spread_regime,wide_spread,8,9249.999999999993,0.75,8.872340425531904,1156.249999999999,0.5,2.6312499999999988,-0.2937500000000002,824.9999999999886
ATM_U2S20_0S_H10_CD30__ACTIVE_WINDOW,impulse_density_regime,active,17,7600.00000000002,0.47058823529411764,2.497536945812815,447.05882352941296,0.29411764705882354,1.6676470588235304,-0.5970588235294104,400.0000000000057
ATM_U2S20_0S_H10_CD30__ACTIVE_WINDOW,vol_regime,high_vol,17,7600.00000000002,0.47058823529411764,2.497536945812815,447.05882352941296,0.29411764705882354,1.6676470588235304,-0.5970588235294104,400.0000000000057
ATM_U2S20_0S_H10_CD30__ACTIVE_WINDOW,depth_regime,low_depth,7,4775.000000000003,0.5714285714285714,3.4177215189873364,682.1428571428576,0.42857142857142855,2.250000000000002,-0.5642857142857157,4775.000000000002
ATM_U2S20_0S_H10_CD30__ACTIVE_WINDOW,trend_regime,trending,9,3825.0000000000277,0.4444444444444444,2.9870129870130193,425.00000000000307,0.3333333333333333,1.3000000000000025,-0.427777777777774,-424.99999999998295
ATM_U2S20_0S_H10_CD30__ACTIVE_WINDOW,trend_regime,choppy,8,3774.999999999991,0.5,2.1984126984126933,471.87499999999886,0.25,2.081249999999999,-0.7875000000000014,824.9999999999886
ATM_U2S20_0S_H10_CD30__ACTIVE_WINDOW,depth_regime,high_depth,10,2825.0000000000173,0.4,1.911290322580656,282.5000000000017,0.2,1.26,-0.6199999999999968,400.0000000000057
ATM_U2S20_0S_H10_CD30__ACTIVE_WINDOW,spread_regime,tight_spread,9,-1649.9999999999734,0.2222222222222222,0.5769230769230824,-183.3333333333304,0.1111111111111111,0.811111111111114,-0.866666666666664,-1224.9999999999907
ATM_U2S20_0S_H10_CD30__AVOID_OPEN,spread_regime,wide_spread,10,8974.999999999989,0.6,7.189655172413756,897.4999999999989,0.4,2.104999999999999,-0.29000000000000126,-275.0000000000057
ATM_U2S20_0S_H10_CD30__AVOID_OPEN,impulse_density_regime,active,21,6325.0,0.38095238095238093,1.996062992125983,301.1904761904762,0.23809523809523808,1.3500000000000008,-0.6047619047619056,-275.0000000000057
ATM_U2S20_0S_H10_CD30__AVOID_OPEN,vol_regime,high_vol,21,6325.0,0.38095238095238093,1.996062992125983,301.1904761904762,0.23809523809523808,1.3500000000000008,-0.6047619047619056,-275.0000000000057
ATM_U2S20_0S_H10_CD30__AVOID_OPEN,trend_regime,choppy,9,3674.9999999999686,0.4444444444444444,2.130769230769211,408.33333333332985,0.2222222222222222,1.849999999999999,-0.7222222222222285,-100.00000000002274
ATM_U2S20_0S_H10_CD30__AVOID_OPEN,depth_regime,low_depth,9,3600.0000000000055,0.4444444444444444,2.1428571428571437,400.0000000000006,0.3333333333333333,1.7500000000000016,-0.7000000000000005,-275.0000000000057
ATM_U2S20_0S_H10_CD30__AVOID_OPEN,depth_regime,high_depth,12,2724.999999999994,0.3333333333333333,1.851562499999997,227.08333333333283,0.16666666666666666,1.05,-0.5333333333333344,-100.00000000002274
ATM_U2S20_0S_H10_CD30__AVOID_OPEN,trend_regime,trending,12,2650.0000000000305,0.3333333333333333,1.8548387096774348,220.83333333333587,0.25,0.9750000000000019,-0.5166666666666634,-424.99999999998295
ATM_U2S20_0S_H10_CD30__AVOID_OPEN,spread_regime,tight_spread,11,-2649.999999999988,0.18181818181818182,0.45918367346939054,-240.90909090908983,0.09090909090909091,0.6636363636363659,-0.8909090909090913,-2124.9999999999823
ATM_U2S20_0S_H10_CD30__CHOPPY_ACTIVE,spread_regime,wide_spread,3,6274.999999999991,1.0,inf,2091.666666666664,0.6666666666666666,4.183333333333327,0.0,824.9999999999886
ATM_U2S20_0S_H10_CD30__CHOPPY_ACTIVE,impulse_density_regime,active,9,3674.9999999999686,0.4444444444444444,2.130769230769211,408.33333333332985,0.2222222222222222,1.849999999999999,-0.7222222222222285,-100.00000000002274
ATM_U2S20_0S_H10_CD30__CHOPPY_ACTIVE,vol_regime,high_vol,9,3674.9999999999686,0.4444444444444444,2.130769230769211,408.33333333332985,0.2222222222222222,1.849999999999999,-0.7222222222222285,-100.00000000002274
ATM_U2S20_0S_H10_CD30__CHOPPY_ACTIVE,trend_regime,choppy,9,3674.9999999999686,0.4444444444444444,2.130769230769211,408.33333333332985,0.2222222222222222,1.849999999999999,-0.7222222222222285,-100.00000000002274
ATM_U2S20_0S_H10_CD30__CHOPPY_ACTIVE,depth_regime,high_depth,6,2399.99999999997,0.3333333333333333,2.49999999999996,399.999999999995,0.16666666666666666,1.4249999999999972,-0.5333333333333409,-100.00000000002274
ATM_U2S20_0S_H10_CD30__CHOPPY_ACTIVE,depth_regime,low_depth,3,1274.9999999999986,0.6666666666666666,1.7727272727272694,424.99999999999955,0.3333333333333333,2.700000000000003,-1.1000000000000039,1274.9999999999986
ATM_U2S20_0S_H10_CD30__CHOPPY_ACTIVE,spread_regime,tight_spread,6,-2600.0000000000227,0.16666666666666666,0.2,-433.3333333333371,0.0,0.6833333333333348,-1.0833333333333428,-2500.0
ATM_U2S20_0S_H10_CD30__HIGH_VOL_ONLY,spread_regime,wide_spread,11,11050.000000000033,0.6363636363636364,8.620689655172404,1004.5454545454576,0.45454545454545453,2.290909090909098,-0.2636363636363648,-275.0000000000057
ATM_U2S20_0S_H10_CD30__HIGH_VOL_ONLY,impulse_density_regime,active,22,8400.000000000047,0.4090909090909091,2.322834645669297,381.818181818184,0.2727272727272727,1.4772727272727322,-0.577272727272728,-275.0000000000057
ATM_U2S20_0S_H10_CD30__HIGH_VOL_ONLY,vol_regime,high_vol,22,8400.000000000047,0.4090909090909091,2.322834645669297,381.818181818184,0.2727272727272727,1.4772727272727322,-0.577272727272728,-275.0000000000057
ATM_U2S20_0S_H10_CD30__HIGH_VOL_ONLY,depth_regime,low_depth,10,5675.00000000005,0.5,2.801587301587316,567.500000000005,0.4,1.9900000000000104,-0.6300000000000004,-275.0000000000057
ATM_U2S20_0S_H10_CD30__HIGH_VOL_ONLY,trend_regime,trending,13,4725.000000000076,0.38461538461538464,2.5241935483871316,363.46153846154436,0.3076923076923077,1.219230769230778,-0.47692307692307384,-424.99999999998295
ATM_U2S20_0S_H10_CD30__HIGH_VOL_ONLY,trend_regime,choppy,9,3674.9999999999686,0.4444444444444444,2.130769230769211,408.33333333332985,0.2222222222222222,1.849999999999999,-0.7222222222222285,-100.00000000002274
ATM_U2S20_0S_H10_CD30__HIGH_VOL_ONLY,depth_regime,high_depth,12,2724.999999999994,0.3333333333333333,1.851562499999997,227.08333333333283,0.16666666666666666,1.05,-0.5333333333333344,-100.00000000002274
ATM_U2S20_0S_H10_CD30__HIGH_VOL_ONLY,spread_regime,tight_spread,11,-2649.999999999988,0.18181818181818182,0.45918367346939054,-240.90909090908983,0.09090909090909091,0.6636363636363659,-0.8909090909090913,-2124.9999999999823
ATM_U2S20_0S_H10_CD30__IMPULSE_DENSITY_ACTIVE,spread_regime,wide_spread,11,11050.000000000033,0.6363636363636364,8.620689655172404,1004.5454545454576,0.45454545454545453,2.290909090909098,-0.2636363636363648,-275.0000000000057
ATM_U2S20_0S_H10_CD30__IMPULSE_DENSITY_ACTIVE,impulse_density_regime,active,22,8400.000000000047,0.4090909090909091,2.322834645669297,381.818181818184,0.2727272727272727,1.4772727272727322,-0.577272727272728,-275.0000000000057
ATM_U2S20_0S_H10_CD30__IMPULSE_DENSITY_ACTIVE,vol_regime,high_vol,22,8400.000000000047,0.4090909090909091,2.322834645669297,381.818181818184,0.2727272727272727,1.4772727272727322,-0.577272727272728,-275.0000000000057
ATM_U2S20_0S_H10_CD30__IMPULSE_DENSITY_ACTIVE,depth_regime,low_depth,10,5675.00000000005,0.5,2.801587301587316,567.500000000005,0.4,1.9900000000000104,-0.6300000000000004,-275.0000000000057
ATM_U2S20_0S_H10_CD30__IMPULSE_DENSITY_ACTIVE,trend_regime,trending,13,4725.000000000076,0.38461538461538464,2.5241935483871316,363.46153846154436,0.3076923076923077,1.219230769230778,-0.47692307692307384,-424.99999999998295
ATM_U2S20_0S_H10_CD30__IMPULSE_DENSITY_ACTIVE,trend_regime,choppy,9,3674.9999999999686,0.4444444444444444,2.130769230769211,408.33333333332985,0.2222222222222222,1.849999999999999,-0.7222222222222285,-100.00000000002274
ATM_U2S20_0S_H10_CD30__IMPULSE_DENSITY_ACTIVE,depth_regime,high_depth,12,2724.999999999994,0.3333333333333333,1.851562499999997,227.08333333333283,0.16666666666666666,1.05,-0.5333333333333344,-100.00000000002274
ATM_U2S20_0S_H10_CD30__IMPULSE_DENSITY_ACTIVE,spread_regime,tight_spread,11,-2649.999999999988,0.18181818181818182,0.45918367346939054,-240.90909090908983,0.09090909090909091,0.6636363636363659,-0.8909090909090913,-2124.9999999999823
ATM_U2S20_0S_H10_CD30__MIDDAY_ONLY,spread_regime,wide_spread,3,7775.0000000000055,1.0,inf,2591.6666666666683,1.0,5.183333333333337,0.0,7775.0000000000055
ATM_U2S20_0S_H10_CD30__MIDDAY_ONLY,impulse_density_regime,active,6,6275.0000000000055,0.5,5.183333333333337,1045.8333333333342,0.5,2.683333333333335,-0.5,6275.0000000000055
ATM_U2S20_0S_H10_CD30__MIDDAY_ONLY,vol_regime,high_vol,6,6275.0000000000055,0.5,5.183333333333337,1045.8333333333342,0.5,2.683333333333335,-0.5,6275.0000000000055
ATM_U2S20_0S_H10_CD30__MIDDAY_ONLY,depth_regime,low_depth,2,4600.000000000002,1.0,inf,2300.000000000001,1.0,4.600000000000001,0.0,4600.000000000002
ATM_U2S20_0S_H10_CD30__MIDDAY_ONLY,trend_regime,choppy,5,3950.0000000000027,0.4,3.633333333333335,790.0000000000006,0.4,2.2900000000000005,-0.6,3950.0000000000027
ATM_U2S20_0S_H10_CD30__MIDDAY_ONLY,trend_regime,trending,1,2325.0000000000027,1.0,inf,2325.0000000000027,1.0,4.650000000000006,0.0,2325.0000000000027
ATM_U2S20_0S_H10_CD30__MIDDAY_ONLY,depth_regime,high_depth,4,1675.000000000004,0.25,2.1166666666666694,418.750000000001,0.25,1.7250000000000014,-0.75,1675.000000000004
ATM_U2S20_0S_H10_CD30__MIDDAY_ONLY,spread_regime,tight_spread,3,-1500.0,0.0,0.0,-500.0,0.0,0.18333333333333238,-1.0,-1500.0
ATM_U2S20_0S_H10_CD30__NO_MORNING_WEAK,spread_regime,wide_spread,10,8974.999999999989,0.6,7.189655172413756,897.4999999999989,0.4,2.104999999999999,-0.29000000000000126,-275.0000000000057
ATM_U2S20_0S_H10_CD30__NO_MORNING_WEAK,impulse_density_regime,active,20,7224.999999999992,0.4,2.3256880733944896,361.2499999999996,0.25,1.4175000000000009,-0.5450000000000017,-275.0000000000057
ATM_U2S20_0S_H10_CD30__NO_MORNING_WEAK,vol_regime,high_vol,20,7224.999999999992,0.4,2.3256880733944896,361.2499999999996,0.25,1.4175000000000009,-0.5450000000000017,-275.0000000000057
ATM_U2S20_0S_H10_CD30__NO_MORNING_WEAK,depth_regime,low_depth,8,4499.999999999996,0.5,2.9999999999999885,562.4999999999995,0.375,1.9687500000000018,-0.5625000000000027,-275.0000000000057
ATM_U2S20_0S_H10_CD30__NO_MORNING_WEAK,trend_regime,choppy,9,3674.9999999999686,0.4444444444444444,2.130769230769211,408.33333333332985,0.2222222222222222,1.849999999999999,-0.7222222222222285,-100.00000000002274
ATM_U2S20_0S_H10_CD30__NO_MORNING_WEAK,trend_regime,trending,11,3550.0000000000223,0.36363636363636365,2.613636363636382,322.72727272727474,0.2727272727272727,1.0636363636363657,-0.3999999999999979,-424.99999999998295
ATM_U2S20_0S_H10_CD30__NO_MORNING_WEAK,depth_regime,high_depth,12,2724.999999999994,0.3333333333333333,1.851562499999997,227.08333333333283,0.16666666666666666,1.05,-0.5333333333333344,-100.00000000002274
ATM_U2S20_0S_H10_CD30__NO_MORNING_WEAK,spread_regime,tight_spread,10,-1749.9999999999961,0.2,0.5625000000000021,-174.9999999999996,0.1,0.7300000000000025,-0.8000000000000022,-1224.9999999999907
ATM_U2S20_0S_H10_CD30__TRENDING_ACTIVE,spread_regime,wide_spread,8,4775.000000000042,0.5,4.293103448275876,596.8750000000052,0.375,1.581250000000012,-0.3625000000000016,-275.0000000000057
ATM_U2S20_0S_H10_CD30__TRENDING_ACTIVE,impulse_density_regime,active,13,4725.000000000076,0.38461538461538464,2.5241935483871316,363.46153846154436,0.3076923076923077,1.219230769230778,-0.47692307692307384,-424.99999999998295
ATM_U2S20_0S_H10_CD30__TRENDING_ACTIVE,vol_regime,high_vol,13,4725.000000000076,0.38461538461538464,2.5241935483871316,363.46153846154436,0.3076923076923077,1.219230769230778,-0.47692307692307384,-424.99999999998295
ATM_U2S20_0S_H10_CD30__TRENDING_ACTIVE,trend_regime,trending,13,4725.000000000076,0.38461538461538464,2.5241935483871316,363.46153846154436,0.3076923076923077,1.219230769230778,-0.47692307692307384,-424.99999999998295
ATM_U2S20_0S_H10_CD30__TRENDING_ACTIVE,depth_regime,low_depth,7,4400.000000000052,0.42857142857142855,3.9333333333333744,628.571428571436,0.42857142857142855,1.6857142857142995,-0.42857142857142755,-275.0000000000057
ATM_U2S20_0S_H10_CD30__TRENDING_ACTIVE,depth_regime,high_depth,6,325.0000000000247,0.3333333333333333,1.2031250000000175,54.166666666670785,0.16666666666666666,0.6750000000000028,-0.5333333333333279,-424.99999999998295
ATM_U2S20_0S_H10_CD30__TRENDING_ACTIVE,spread_regime,tight_spread,5,-49.99999999996521,0.2,0.9696969696969903,-9.999999999993042,0.2,0.6400000000000035,-0.6599999999999895,-424.99999999998295
ATM_U2S20_0S_H5_CD30,spread_regime,wide_spread,11,11050.000000000033,0.6363636363636364,8.620689655172404,1004.5454545454576,0.45454545454545453,2.290909090909098,-0.2636363636363648,-275.0000000000057
ATM_U2S20_0S_H5_CD30,impulse_density_regime,active,22,9950.000000000044,0.4090909090909091,3.0729166666666705,452.27272727272924,0.2727272727272727,1.4772727272727322,-0.4363636363636374,-275.0000000000057
ATM_U2S20_0S_H5_CD30,vol_regime,high_vol,22,9950.000000000044,0.4090909090909091,3.0729166666666705,452.27272727272924,0.2727272727272727,1.4772727272727322,-0.4363636363636374,-275.0000000000057
ATM_U2S20_0S_H5_CD30,depth_regime,low_depth,10,7225.000000000047,0.5,5.515625000000014,722.5000000000048,0.4,1.9900000000000104,-0.320000000000001,-275.0000000000057
ATM_U2S20_0S_H5_CD30,trend_regime,choppy,9,5224.999999999965,0.4444444444444444,4.073529411764629,580.5555555555517,0.2222222222222222,1.849999999999999,-0.3777777777777847,-100.00000000002274
ATM_U2S20_0S_H5_CD30,trend_regime,trending,13,4725.000000000076,0.38461538461538464,2.5241935483871316,363.46153846154436,0.3076923076923077,1.219230769230778,-0.47692307692307384,-424.99999999998295
ATM_U2S20_0S_H5_CD30,depth_regime,high_depth,12,2724.999999999994,0.3333333333333333,1.851562499999997,227.08333333333283,0.16666666666666666,1.05,-0.5333333333333344,-100.00000000002274
ATM_U2S20_0S_H5_CD30,spread_regime,tight_spread,11,-1099.9999999999907,0.18181818181818182,0.6716417910447795,-99.99999999999915,0.09090909090909091,0.6636363636363659,-0.60909090909091,-574.999999999985
ATM_U3S30_0S_H10_CD30,spread_regime,wide_spread,5,7474.99999999999,0.8,13.999999999999998,1494.999999999998,0.8,3.219999999999996,-0.2299999999999997,7474.999999999991
ATM_U3S30_0S_H10_CD30,impulse_density_regime,active,6,6249.999999999988,0.6666666666666666,4.472222222222214,1041.6666666666647,0.6666666666666666,2.68333333333333,-0.6000000000000002,6249.999999999989
ATM_U3S30_0S_H10_CD30,vol_regime,high_vol,6,6249.999999999988,0.6666666666666666,4.472222222222214,1041.6666666666647,0.6666666666666666,2.68333333333333,-0.6000000000000002,6249.999999999989
ATM_U3S30_0S_H10_CD30,trend_regime,choppy,3,3500.0000000000005,0.6666666666666666,3.8571428571428545,1166.6666666666667,0.6666666666666666,3.150000000000001,-0.8166666666666677,3500.0
ATM_U3S30_0S_H10_CD30,depth_regime,low_depth,3,3199.999999999999,0.6666666666666666,6.565217391304353,1066.6666666666663,0.6666666666666666,2.5166666666666657,-0.38333333333333286,3199.999999999999
ATM_U3S30_0S_H10_CD30,depth_regime,high_depth,3,3049.9999999999895,0.6666666666666666,3.4897959183673355,1016.6666666666632,0.6666666666666666,2.8499999999999943,-0.8166666666666677,3049.99999999999
ATM_U3S30_0S_H10_CD30,trend_regime,trending,3,2749.999999999989,0.6666666666666666,5.782608695652161,916.666666666663,0.6666666666666666,2.2166666666666592,-0.38333333333333286,2749.999999999989
ATM_U3S30_0S_H10_CD30,spread_regime,tight_spread,1,-1225.0000000000014,0.0,0.0,-1225.0000000000014,0.0,0.0,-2.450000000000003,-1225.0000000000014
ATM_U3S30_0S_H10_CD30__ACTIVE_WINDOW,spread_regime,wide_spread,4,5650.000000000003,0.75,10.826086956521754,1412.5000000000007,0.75,3.1125000000000007,-0.28749999999999964,5650.000000000002
ATM_U3S30_0S_H10_CD30__ACTIVE_WINDOW,impulse_density_regime,active,5,4425.000000000001,0.6,3.458333333333333,885.0000000000002,0.6,2.4900000000000007,-0.7200000000000003,4425.000000000001
ATM_U3S30_0S_H10_CD30__ACTIVE_WINDOW,vol_regime,high_vol,5,4425.000000000001,0.6,3.458333333333333,885.0000000000002,0.6,2.4900000000000007,-0.7200000000000003,4425.000000000001
ATM_U3S30_0S_H10_CD30__ACTIVE_WINDOW,trend_regime,choppy,3,3500.0000000000005,0.6666666666666666,3.8571428571428545,1166.6666666666667,0.6666666666666666,3.150000000000001,-0.8166666666666677,3500.0
ATM_U3S30_0S_H10_CD30__ACTIVE_WINDOW,depth_regime,low_depth,3,3199.999999999999,0.6666666666666666,6.565217391304353,1066.6666666666663,0.6666666666666666,2.5166666666666657,-0.38333333333333286,3199.999999999999
ATM_U3S30_0S_H10_CD30__ACTIVE_WINDOW,depth_regime,high_depth,2,1225.0000000000014,0.5,2.0,612.5000000000007,0.5,2.450000000000003,-1.2250000000000014,1225.0000000000014
ATM_U3S30_0S_H10_CD30__ACTIVE_WINDOW,trend_regime,trending,2,925.0000000000007,0.5,2.608695652173916,462.50000000000034,0.5,1.5,-0.5749999999999993,925.0000000000007
ATM_U3S30_0S_H10_CD30__ACTIVE_WINDOW,spread_regime,tight_spread,1,-1225.0000000000014,0.0,0.0,-1225.0000000000014,0.0,0.0,-2.450000000000003,-1225.0000000000014
ATM_U3S30_0S_H10_CD30__AVOID_OPEN,spread_regime,wide_spread,4,5650.000000000003,0.75,10.826086956521754,1412.5000000000007,0.75,3.1125000000000007,-0.28749999999999964,5650.000000000002
ATM_U3S30_0S_H10_CD30__AVOID_OPEN,impulse_density_regime,active,5,4425.000000000001,0.6,3.458333333333333,885.0000000000002,0.6,2.4900000000000007,-0.7200000000000003,4425.000000000001
ATM_U3S30_0S_H10_CD30__AVOID_OPEN,vol_regime,high_vol,5,4425.000000000001,0.6,3.458333333333333,885.0000000000002,0.6,2.4900000000000007,-0.7200000000000003,4425.000000000001
ATM_U3S30_0S_H10_CD30__AVOID_OPEN,trend_regime,choppy,3,3500.0000000000005,0.6666666666666666,3.8571428571428545,1166.6666666666667,0.6666666666666666,3.150000000000001,-0.8166666666666677,3500.0
ATM_U3S30_0S_H10_CD30__AVOID_OPEN,depth_regime,low_depth,3,3199.999999999999,0.6666666666666666,6.565217391304353,1066.6666666666663,0.6666666666666666,2.5166666666666657,-0.38333333333333286,3199.999999999999
ATM_U3S30_0S_H10_CD30__AVOID_OPEN,depth_regime,high_depth,2,1225.0000000000014,0.5,2.0,612.5000000000007,0.5,2.450000000000003,-1.2250000000000014,1225.0000000000014
ATM_U3S30_0S_H10_CD30__AVOID_OPEN,trend_regime,trending,2,925.0000000000007,0.5,2.608695652173916,462.50000000000034,0.5,1.5,-0.5749999999999993,925.0000000000007
ATM_U3S30_0S_H10_CD30__AVOID_OPEN,spread_regime,tight_spread,1,-1225.0000000000014,0.0,0.0,-1225.0000000000014,0.0,0.0,-2.450000000000003,-1225.0000000000014
ATM_U3S30_0S_H10_CD30__CHOPPY_ACTIVE,spread_regime,wide_spread,2,4725.000000000002,1.0,inf,2362.500000000001,1.0,4.725000000000001,0.0,4725.000000000002
ATM_U3S30_0S_H10_CD30__CHOPPY_ACTIVE,impulse_density_regime,active,3,3500.0000000000005,0.6666666666666666,3.8571428571428545,1166.6666666666667,0.6666666666666666,3.150000000000001,-0.8166666666666677,3500.0
ATM_U3S30_0S_H10_CD30__CHOPPY_ACTIVE,vol_regime,high_vol,3,3500.0000000000005,0.6666666666666666,3.8571428571428545,1166.6666666666667,0.6666666666666666,3.150000000000001,-0.8166666666666677,3500.0
ATM_U3S30_0S_H10_CD30__CHOPPY_ACTIVE,trend_regime,choppy,3,3500.0000000000005,0.6666666666666666,3.8571428571428545,1166.6666666666667,0.6666666666666666,3.150000000000001,-0.8166666666666677,3500.0
ATM_U3S30_0S_H10_CD30__CHOPPY_ACTIVE,depth_regime,low_depth,1,2274.9999999999986,1.0,inf,2274.9999999999986,1.0,4.549999999999997,0.0,2274.9999999999986
ATM_U3S30_0S_H10_CD30__CHOPPY_ACTIVE,depth_regime,high_depth,2,1225.0000000000014,0.5,2.0,612.5000000000007,0.5,2.450000000000003,-1.2250000000000014,1225.0000000000014
ATM_U3S30_0S_H10_CD30__CHOPPY_ACTIVE,spread_regime,tight_spread,1,-1225.0000000000014,0.0,0.0,-1225.0000000000014,0.0,0.0,-2.450000000000003,-1225.0000000000014
ATM_U3S30_0S_H10_CD30__HIGH_VOL_ONLY,spread_regime,wide_spread,5,7474.99999999999,0.8,13.999999999999998,1494.999999999998,0.8,3.219999999999996,-0.2299999999999997,7474.999999999991
ATM_U3S30_0S_H10_CD30__HIGH_VOL_ONLY,impulse_density_regime,active,6,6249.999999999988,0.6666666666666666,4.472222222222214,1041.6666666666647,0.6666666666666666,2.68333333333333,-0.6000000000000002,6249.999999999989
ATM_U3S30_0S_H10_CD30__HIGH_VOL_ONLY,vol_regime,high_vol,6,6249.999999999988,0.6666666666666666,4.472222222222214,1041.6666666666647,0.6666666666666666,2.68333333333333,-0.6000000000000002,6249.999999999989
ATM_U3S30_0S_H10_CD30__HIGH_VOL_ONLY,trend_regime,choppy,3,3500.0000000000005,0.6666666666666666,3.8571428571428545,1166.6666666666667,0.6666666666666666,3.150000000000001,-0.8166666666666677,3500.0
ATM_U3S30_0S_H10_CD30__HIGH_VOL_ONLY,depth_regime,low_depth,3,3199.999999999999,0.6666666666666666,6.565217391304353,1066.6666666666663,0.6666666666666666,2.5166666666666657,-0.38333333333333286,3199.999999999999
ATM_U3S30_0S_H10_CD30__HIGH_VOL_ONLY,depth_regime,high_depth,3,3049.9999999999895,0.6666666666666666,3.4897959183673355,1016.6666666666632,0.6666666666666666,2.8499999999999943,-0.8166666666666677,3049.99999999999
ATM_U3S30_0S_H10_CD30__HIGH_VOL_ONLY,trend_regime,trending,3,2749.999999999989,0.6666666666666666,5.782608695652161,916.666666666663,0.6666666666666666,2.2166666666666592,-0.38333333333333286,2749.999999999989
ATM_U3S30_0S_H10_CD30__HIGH_VOL_ONLY,spread_regime,tight_spread,1,-1225.0000000000014,0.0,0.0,-1225.0000000000014,0.0,0.0,-2.450000000000003,-1225.0000000000014
ATM_U3S30_0S_H10_CD30__IMPULSE_DENSITY_ACTIVE,spread_regime,wide_spread,5,7474.99999999999,0.8,13.999999999999998,1494.999999999998,0.8,3.219999999999996,-0.2299999999999997,7474.999999999991
ATM_U3S30_0S_H10_CD30__IMPULSE_DENSITY_ACTIVE,impulse_density_regime,active,6,6249.999999999988,0.6666666666666666,4.472222222222214,1041.6666666666647,0.6666666666666666,2.68333333333333,-0.6000000000000002,6249.999999999989
ATM_U3S30_0S_H10_CD30__IMPULSE_DENSITY_ACTIVE,vol_regime,high_vol,6,6249.999999999988,0.6666666666666666,4.472222222222214,1041.6666666666647,0.6666666666666666,2.68333333333333,-0.6000000000000002,6249.999999999989
ATM_U3S30_0S_H10_CD30__IMPULSE_DENSITY_ACTIVE,trend_regime,choppy,3,3500.0000000000005,0.6666666666666666,3.8571428571428545,1166.6666666666667,0.6666666666666666,3.150000000000001,-0.8166666666666677,3500.0
ATM_U3S30_0S_H10_CD30__IMPULSE_DENSITY_ACTIVE,depth_regime,low_depth,3,3199.999999999999,0.6666666666666666,6.565217391304353,1066.6666666666663,0.6666666666666666,2.5166666666666657,-0.38333333333333286,3199.999999999999
ATM_U3S30_0S_H10_CD30__IMPULSE_DENSITY_ACTIVE,depth_regime,high_depth,3,3049.9999999999895,0.6666666666666666,3.4897959183673355,1016.6666666666632,0.6666666666666666,2.8499999999999943,-0.8166666666666677,3049.99999999999
ATM_U3S30_0S_H10_CD30__IMPULSE_DENSITY_ACTIVE,trend_regime,trending,3,2749.999999999989,0.6666666666666666,5.782608695652161,916.666666666663,0.6666666666666666,2.2166666666666592,-0.38333333333333286,2749.999999999989
ATM_U3S30_0S_H10_CD30__IMPULSE_DENSITY_ACTIVE,spread_regime,tight_spread,1,-1225.0000000000014,0.0,0.0,-1225.0000000000014,0.0,0.0,-2.450000000000003,-1225.0000000000014
ATM_U3S30_0S_H10_CD30__MIDDAY_ONLY,spread_regime,wide_spread,3,4150.000000000003,0.6666666666666666,8.217391304347839,1383.3333333333342,0.6666666666666666,3.150000000000001,-0.38333333333333286,4150.000000000002
ATM_U3S30_0S_H10_CD30__MIDDAY_ONLY,trend_regime,choppy,3,3500.0000000000005,0.6666666666666666,3.8571428571428545,1166.6666666666667,0.6666666666666666,3.150000000000001,-0.8166666666666677,3500.0
ATM_U3S30_0S_H10_CD30__MIDDAY_ONLY,impulse_density_regime,active,4,2925.000000000001,0.5,2.625,731.2500000000002,0.5,2.3625000000000007,-0.9000000000000004,2925.000000000001
ATM_U3S30_0S_H10_CD30__MIDDAY_ONLY,vol_regime,high_vol,4,2925.000000000001,0.5,2.625,731.2500000000002,0.5,2.3625000000000007,-0.9000000000000004,2925.000000000001
ATM_U3S30_0S_H10_CD30__MIDDAY_ONLY,depth_regime,low_depth,2,1699.9999999999993,0.5,3.9565217391304373,849.9999999999997,0.5,2.2749999999999986,-0.5749999999999993,1699.9999999999993
ATM_U3S30_0S_H10_CD30__MIDDAY_ONLY,depth_regime,high_depth,2,1225.0000000000014,0.5,2.0,612.5000000000007,0.5,2.450000000000003,-1.2250000000000014,1225.0000000000014
ATM_U3S30_0S_H10_CD30__MIDDAY_ONLY,trend_regime,trending,1,-574.9999999999993,0.0,0.0,-574.9999999999993,0.0,0.0,-1.1499999999999986,-574.9999999999993
ATM_U3S30_0S_H10_CD30__MIDDAY_ONLY,spread_regime,tight_spread,1,-1225.0000000000014,0.0,0.0,-1225.0000000000014,0.0,0.0,-2.450000000000003,-1225.0000000000014
ATM_U3S30_0S_H10_CD30__NO_MORNING_WEAK,spread_regime,wide_spread,4,5650.000000000003,0.75,10.826086956521754,1412.5000000000007,0.75,3.1125000000000007,-0.28749999999999964,5650.000000000002
ATM_U3S30_0S_H10_CD30__NO_MORNING_WEAK,impulse_density_regime,active,5,4425.000000000001,0.6,3.458333333333333,885.0000000000002,0.6,2.4900000000000007,-0.7200000000000003,4425.000000000001
ATM_U3S30_0S_H10_CD30__NO_MORNING_WEAK,vol_regime,high_vol,5,4425.000000000001,0.6,3.458333333333333,885.0000000000002,0.6,2.4900000000000007,-0.7200000000000003,4425.000000000001
ATM_U3S30_0S_H10_CD30__NO_MORNING_WEAK,trend_regime,choppy,3,3500.0000000000005,0.6666666666666666,3.8571428571428545,1166.6666666666667,0.6666666666666666,3.150000000000001,-0.8166666666666677,3500.0
ATM_U3S30_0S_H10_CD30__NO_MORNING_WEAK,depth_regime,low_depth,3,3199.999999999999,0.6666666666666666,6.565217391304353,1066.6666666666663,0.6666666666666666,2.5166666666666657,-0.38333333333333286,3199.999999999999
ATM_U3S30_0S_H10_CD30__NO_MORNING_WEAK,depth_regime,high_depth,2,1225.0000000000014,0.5,2.0,612.5000000000007,0.5,2.450000000000003,-1.2250000000000014,1225.0000000000014
ATM_U3S30_0S_H10_CD30__NO_MORNING_WEAK,trend_regime,trending,2,925.0000000000007,0.5,2.608695652173916,462.50000000000034,0.5,1.5,-0.5749999999999993,925.0000000000007
ATM_U3S30_0S_H10_CD30__NO_MORNING_WEAK,spread_regime,tight_spread,1,-1225.0000000000014,0.0,0.0,-1225.0000000000014,0.0,0.0,-2.450000000000003,-1225.0000000000014
ATM_U3S30_0S_H10_CD30__TRENDING_ACTIVE,impulse_density_regime,active,3,2749.999999999989,0.6666666666666666,5.782608695652161,916.666666666663,0.6666666666666666,2.2166666666666592,-0.38333333333333286,2749.999999999989
ATM_U3S30_0S_H10_CD30__TRENDING_ACTIVE,vol_regime,high_vol,3,2749.999999999989,0.6666666666666666,5.782608695652161,916.666666666663,0.6666666666666666,2.2166666666666592,-0.38333333333333286,2749.999999999989
ATM_U3S30_0S_H10_CD30__TRENDING_ACTIVE,trend_regime,trending,3,2749.999999999989,0.6666666666666666,5.782608695652161,916.666666666663,0.6666666666666666,2.2166666666666592,-0.38333333333333286,2749.999999999989
ATM_U3S30_0S_H10_CD30__TRENDING_ACTIVE,spread_regime,wide_spread,3,2749.999999999989,0.6666666666666666,5.782608695652161,916.666666666663,0.6666666666666666,2.2166666666666592,-0.38333333333333286,2749.999999999989
ATM_U3S30_0S_H10_CD30__TRENDING_ACTIVE,depth_regime,high_depth,1,1824.9999999999886,1.0,inf,1824.9999999999886,1.0,3.6499999999999773,0.0,1824.9999999999886
ATM_U3S30_0S_H10_CD30__TRENDING_ACTIVE,depth_regime,low_depth,2,925.0000000000007,0.5,2.608695652173916,462.50000000000034,0.5,1.5,-0.5749999999999993,925.0000000000007
